-- Seed data for Yemeni stationery / office supplies POS schema
-- Notes:
-- 1) sale_price = retail price.
-- 2) Wholesale and bulk tiers are preserved in products.description.
-- 3) Adjust enum labels if your database uses different enum values.

BEGIN;

INSERT INTO company_settings (id, name, legal_name, tax_number, currency, currency_symbol, tax_rate, logo_url, address, phone, email, invoice_prefix, barcode_enabled, updated_at) VALUES
  (1, 'Nahj Stationery Trading', 'Nahj Stationery Trading Co.', '300-XYZ-001', 'YER', '﷼', 15, NULL, 'Sana''a, Yemen', '777123456', 'info@nahj-stationery.example', 'INV-', TRUE, '2026-07-05T09:01:00+00:00');
INSERT INTO categories (id, name, name_ar, parent_id, created_at) VALUES
  ('7b5b5e7a-8603-5df6-bff1-23cfd0d74fbf', 'Stationery & Supplies', 'المكتبات والقرطاسية', NULL),
  ('4b867143-fb9c-57d4-b06c-a96f142eb6d2', 'Notebooks', 'الدفاتر', '7b5b5e7a-8603-5df6-bff1-23cfd0d74fbf'),
  ('6470e0f2-e95b-59dc-9bb4-9d50620aa285', 'Writing Instruments', 'أدوات الكتابة', '7b5b5e7a-8603-5df6-bff1-23cfd0d74fbf'),
  ('2b04bcfc-4a12-54f3-b90f-5056b110de8c', 'Pencils & Erasers', 'الأقلام الرصاص والممحاة', '7b5b5e7a-8603-5df6-bff1-23cfd0d74fbf'),
  ('619a3dae-d0f9-5384-9632-321fd7c429d8', 'School Tools', 'الأدوات المدرسية', '7b5b5e7a-8603-5df6-bff1-23cfd0d74fbf'),
  ('07e3d94e-463d-56e2-a96f-0550af7c7753', 'Paper & Printing', 'الورق والطباعة', '7b5b5e7a-8603-5df6-bff1-23cfd0d74fbf'),
  ('4ba20c19-67b5-565d-ba8a-b2365894d513', 'Filing & Archiving', 'الملفات والأرشفة', '7b5b5e7a-8603-5df6-bff1-23cfd0d74fbf'),
  ('babfc3a9-dc59-5691-b457-39f264dec70e', 'Adhesives & Correction', 'اللواصق والتصحيح', '7b5b5e7a-8603-5df6-bff1-23cfd0d74fbf'),
  ('ca9747db-71f7-54fc-a808-516e6a6f687e', 'Office Accessories', 'مستلزمات المكتب', '7b5b5e7a-8603-5df6-bff1-23cfd0d74fbf'),
  ('5290955d-8af5-5994-a34a-47ef5dbd043f', 'Art & Coloring', 'الألوان والفنون', '7b5b5e7a-8603-5df6-bff1-23cfd0d74fbf'),
  ('f676a8c9-dbd4-50ba-8fd9-d315b8dd0579', 'Printer Consumables', 'مستلزمات الطباعة', '7b5b5e7a-8603-5df6-bff1-23cfd0d74fbf');
INSERT INTO brands (id, name, created_at, name_ar) VALUES
  ('9df86f1d-1f09-5adf-b3a5-94729a18db64', 'Deli', '2026-07-05T09:06:00+00:00', 'ديلي'),
  ('4046e6d0-ccab-5c5e-ae5d-27070db5fc9f', 'Maped', '2026-07-05T09:07:00+00:00', 'ماپيد'),
  ('8f9eed29-7328-52bf-b463-6c4a72c4cabb', 'Faber-Castell', '2026-07-05T09:08:00+00:00', 'فابر كاستل'),
  ('bdb18c05-6c07-5acc-81dd-4ea3d20b30fc', 'BIC', '2026-07-05T09:09:00+00:00', 'بيك'),
  ('9bd9b290-7c5c-5227-8bfa-b6cc4c8824a2', 'Staedtler', '2026-07-05T09:10:00+00:00', 'ستايدلر'),
  ('d863eccd-c6b9-570d-99b7-7519218b387d', 'M&G', '2026-07-05T09:11:00+00:00', 'إم آند جي'),
  ('56a96271-c262-5a1a-b761-e5d9b99a2e9b', 'Generic Import', '2026-07-05T09:12:00+00:00', 'مستورد عام');
INSERT INTO units (id, name, short_name, created_at, name_ar) VALUES
  ('9d6ba316-ead6-5039-9f10-dd02b48085f6', 'Piece', 'pc', 'قطعة'),
  ('0a3b2b87-a30b-5362-9705-259516bc441f', 'Pack', 'pk', 'باكيت'),
  ('ac4378de-8ec0-5879-bc71-d75a9c864ce2', 'Box', 'bx', 'علبة'),
  ('ed34803d-3743-5365-9071-02ee5d548d69', 'Ream', 'rm', 'ريمة'),
  ('9843f487-a8bf-53cd-a5f8-1bbe9d0abec3', 'Set', 'st', 'طقم'),
  ('1ff213a3-4bef-5782-9b3f-0802ee7bd1e9', 'Notebook', 'nb', 'دفتر');
INSERT INTO warehouses (id, name, code, address, is_default, is_active, created_at, updated_at, name_ar) VALUES
  ('b740ad4e-34c3-5e42-aca8-6add4d667371', 'Sanaa Main Warehouse', 'WH-SAN', 'Sana''a, Industrial Area', TRUE, TRUE, '2026-07-05T09:01:00+00:00', '2026-07-05T09:01:00+00:00', 'المستودع الرئيسي صنعاء'),
  ('e2e84f67-db8d-56b1-a80e-2256351c0dbc', 'Aden Branch Warehouse', 'WH-ADN', 'Aden, Khormaksar', FALSE, TRUE, '2026-07-05T09:02:00+00:00', '2026-07-05T09:02:00+00:00', 'مستودع فرع عدن');
INSERT INTO suppliers (id, name, phone, email, address, balance, is_active, created_at, updated_at) VALUES
  ('76c9784a-de03-5d79-bca9-e464028ba262', 'Sanaa Office Supplies Co.', '01-500100', 'supply1@example.com', 'Sana''a, Al-Zubairi Street', 0, TRUE, '2026-07-05T09:21:00+00:00', '2026-07-05T09:21:00+00:00'),
  ('44634490-e916-5696-b961-ec8c3e44609b', 'Aden Paper & Office Trading', '02-700200', 'supply2@example.com', 'Aden, Crater', 0, TRUE, '2026-07-05T09:22:00+00:00', '2026-07-05T09:22:00+00:00'),
  ('414cd942-6f07-5bcb-915c-c9e31ced0f43', 'Taiz School Supplies Import', '04-600300', 'supply3@example.com', 'Taiz, Al-Hawban', 0, TRUE, '2026-07-05T09:23:00+00:00', '2026-07-05T09:23:00+00:00'),
  ('c6a47bba-f05f-56a4-b332-ed44bb935543', 'Al-Hodeidah Stationery House', '03-400400', 'supply4@example.com', 'Al-Hodeidah, City Center', 0, TRUE, '2026-07-05T09:24:00+00:00', '2026-07-05T09:24:00+00:00'),
  ('9106a083-6cf8-5dde-986e-1206358a525c', 'Ibb Trading for Office Needs', '05-300500', 'supply5@example.com', 'Ibb, Al-Qalعة', 0, TRUE, '2026-07-05T09:25:00+00:00', '2026-07-05T09:25:00+00:00'),
  ('ff062e71-0e62-5826-9156-727686a50ca6', 'Mukalla Modern Supplies', '06-800600', 'supply6@example.com', 'Mukalla, Al-Sharq', 0, TRUE, '2026-07-05T09:26:00+00:00', '2026-07-05T09:26:00+00:00'),
  ('ed839b7f-1c91-577b-948d-86162f70275b', 'Amran Wholesale Center', '07-900700', 'supply7@example.com', 'Amran, Main Market', 0, TRUE, '2026-07-05T09:27:00+00:00', '2026-07-05T09:27:00+00:00'),
  ('06e8e09b-3ac3-5d6d-aa07-94a56ec2b955', 'Marib General Trading', '08-100800', 'supply8@example.com', 'Marib, City', 0, TRUE, '2026-07-05T09:28:00+00:00', '2026-07-05T09:28:00+00:00');
INSERT INTO customers (id, name, phone, email, address, credit_limit, balance, is_active, created_at, updated_at, loyalty_points) VALUES
  ('d1c1e62e-20b0-55e6-8630-cd4167a64c0a', 'Al-Najah School', '777100001', 'customer1@example.com', 'Yemen - Branch 1', 155000, 0, TRUE, '2026-07-05T09:01:00+00:00', '2026-07-05T09:01:00+00:00', 0),
  ('f861e1bf-1999-5f56-aa0d-608819877706', 'Future Academy', '777100002', 'customer2@example.com', 'Yemen - Branch 2', 160000, 0, TRUE, '2026-07-05T09:02:00+00:00', '2026-07-05T09:02:00+00:00', 0),
  ('52b63356-21d2-5597-bbef-20421b2186a4', 'Muntada Bookstore', '777100003', 'customer3@example.com', 'Yemen - Branch 3', 165000, 0, TRUE, '2026-07-05T09:03:00+00:00', '2026-07-05T09:03:00+00:00', 0),
  ('28e2daee-c384-5153-aba1-0263102c377a', 'Yemen Tech Center', '777100004', 'customer4@example.com', 'Yemen - Branch 4', 170000, 0, TRUE, '2026-07-05T09:04:00+00:00', '2026-07-05T09:04:00+00:00', 0),
  ('766378c3-4ae2-54e6-8093-fb3cf8eca253', 'Al-Amal Private School', '777100005', 'customer5@example.com', 'Yemen - Branch 5', 175000, 0, TRUE, '2026-07-05T09:05:00+00:00', '2026-07-05T09:05:00+00:00', 0),
  ('0592b8ba-5968-5b3b-bd62-bb6a0f73a1cd', 'Al-Maarefa Institute', '777100006', 'customer6@example.com', 'Yemen - Branch 6', 180000, 0, TRUE, '2026-07-05T09:06:00+00:00', '2026-07-05T09:06:00+00:00', 0),
  ('4cf621c4-ee42-5364-9267-9c7d88ddebc1', 'Sanaa Business Office', '777100007', 'customer7@example.com', 'Yemen - Branch 7', 185000, 0, TRUE, '2026-07-05T09:07:00+00:00', '2026-07-05T09:07:00+00:00', 0),
  ('42ee1004-2843-5fc7-bd0a-f1014b03afcd', 'Aden Printing House', '777100008', 'customer8@example.com', 'Yemen - Branch 8', 190000, 0, TRUE, '2026-07-05T09:08:00+00:00', '2026-07-05T09:08:00+00:00', 0),
  ('1828a531-94b4-50bc-bb86-28598acbe11a', 'Taiz Learning Center', '777100009', 'customer9@example.com', 'Yemen - Branch 9', 195000, 0, TRUE, '2026-07-05T09:09:00+00:00', '2026-07-05T09:09:00+00:00', 0),
  ('86253737-c159-51fd-9685-a6116ea3aec7', 'Hodeidah Commerce Office', '777100010', 'customer10@example.com', 'Yemen - Branch 10', 200000, 0, TRUE, '2026-07-05T09:10:00+00:00', '2026-07-05T09:10:00+00:00', 0),
  ('f1577686-efb4-5bd0-a039-41f40dbb85a3', 'Ibb School Supplies', '777100011', 'customer11@example.com', 'Yemen - Branch 11', 205000, 0, TRUE, '2026-07-05T09:11:00+00:00', '2026-07-05T09:11:00+00:00', 0),
  ('08c09f4e-f2fd-5398-8f61-c8ebc2acb2da', 'Marib Admin Office', '777100012', 'customer12@example.com', 'Yemen - Branch 12', 210000, 0, TRUE, '2026-07-05T09:12:00+00:00', '2026-07-05T09:12:00+00:00', 0),
  ('fb682bfe-16f7-5377-8704-2e7bc4107b0a', 'Al-Rahma School', '777100013', 'customer13@example.com', 'Yemen - Branch 13', 215000, 0, TRUE, '2026-07-05T09:13:00+00:00', '2026-07-05T09:13:00+00:00', 0),
  ('7a98bc61-1403-5169-99e4-b026333b873e', 'Noor Bookshop', '777100014', 'customer14@example.com', 'Yemen - Branch 14', 220000, 0, TRUE, '2026-07-05T09:14:00+00:00', '2026-07-05T09:14:00+00:00', 0),
  ('cad6205f-8b77-55c0-8f92-26871584d2b3', 'Al-Mustaqbal Co.', '777100015', 'customer15@example.com', 'Yemen - Branch 15', 225000, 0, TRUE, '2026-07-05T09:15:00+00:00', '2026-07-05T09:15:00+00:00', 0),
  ('da1cf6b1-6fa8-5187-8eea-708f5b3cba5a', 'Delta Services', '777100016', 'customer16@example.com', 'Yemen - Branch 16', 230000, 0, TRUE, '2026-07-05T09:16:00+00:00', '2026-07-05T09:16:00+00:00', 0),
  ('c67f1e2c-23ee-5d0f-9fcb-2dfaacb7990f', 'Qimam School', '777100017', 'customer17@example.com', 'Yemen - Branch 17', 235000, 0, TRUE, '2026-07-05T09:17:00+00:00', '2026-07-05T09:17:00+00:00', 0),
  ('d7301a00-364d-5c5a-9bd7-783af7e9a3ac', 'Atlas Office', '777100018', 'customer18@example.com', 'Yemen - Branch 18', 240000, 0, TRUE, '2026-07-05T09:18:00+00:00', '2026-07-05T09:18:00+00:00', 0),
  ('e3d18903-a5ba-5f9f-98d3-d6503cd29c67', 'Badr Stationery', '777100019', 'customer19@example.com', 'Yemen - Branch 19', 245000, 0, TRUE, '2026-07-05T09:19:00+00:00', '2026-07-05T09:19:00+00:00', 0),
  ('9ae48ad9-3e56-5074-b388-304ce6d5c35b', 'Samaa Media', '777100020', 'customer20@example.com', 'Yemen - Branch 20', 250000, 0, TRUE, '2026-07-05T09:20:00+00:00', '2026-07-05T09:20:00+00:00', 0);
INSERT INTO expense_categories (id, name, name_ar, created_at) VALUES
  ('dc1f51ad-ebe7-5f9c-9648-5e124c4dca17', 'Rent', 'الإيجار', '2026-07-05T09:01:00+00:00'),
  ('1f6e2aee-6cd3-55f0-abff-9ff61fada0ab', 'Salaries', 'الرواتب', '2026-07-05T09:02:00+00:00'),
  ('6bfd2591-50f6-5a09-b961-9dbe79f68b8c', 'Transport', 'المواصلات', '2026-07-05T09:03:00+00:00'),
  ('d550d5ae-bda0-5506-b8d9-18abaf752565', 'Utilities', 'الخدمات', '2026-07-05T09:04:00+00:00'),
  ('04ec8b9a-deb3-5107-9eda-0b428e92267e', 'Maintenance', 'الصيانة', '2026-07-05T09:05:00+00:00'),
  ('bab4a9a4-3fe9-5d07-bc75-ced14df582f3', 'Packaging', 'التغليف', '2026-07-05T09:06:00+00:00'),
  ('6dac640a-7a6e-511a-83f5-6dec2020facf', 'Internet', 'الإنترنت', '2026-07-05T09:07:00+00:00');
INSERT INTO profiles (id, full_name, avatar_url, phone, language, theme, created_at, updated_at) VALUES
  ('5da94d74-bd35-5649-afd6-7694627a7d16', 'System Administrator', NULL, '777100001', 'en', 'dark', '2026-07-05T09:01:00+00:00', '2026-07-05T09:01:00+00:00'),
  ('e9bea84a-7055-5574-873c-62869fd3801d', 'Branch Manager', NULL, '777100002', 'en', 'light', '2026-07-05T09:02:00+00:00', '2026-07-05T09:02:00+00:00'),
  ('ac5f3bcb-7bed-546b-83d3-01d9752940f8', 'Cashier', NULL, '777100003', 'ar', 'light', '2026-07-05T09:03:00+00:00', '2026-07-05T09:03:00+00:00'),
  ('52413eea-a2f6-5d5f-96b0-caebc6954b56', 'Warehouse Keeper', NULL, '777100004', 'ar', 'dark', '2026-07-05T09:04:00+00:00', '2026-07-05T09:04:00+00:00');
INSERT INTO user_roles (id, user_id, role, created_at) VALUES
  ('ec1ecb76-bb48-5a76-ad94-54a7329c4248', '5da94d74-bd35-5649-afd6-7694627a7d16', 'admin', '2026-07-05T09:01:00+00:00'),
  ('2fccc1b8-f897-57c4-a1fe-9a0ec2362c2d', 'e9bea84a-7055-5574-873c-62869fd3801d', 'manager', '2026-07-05T09:02:00+00:00'),
  ('b2ce91b7-bd84-5ea4-90c1-9fcc1eb63e68', 'ac5f3bcb-7bed-546b-83d3-01d9752940f8', 'cashier', '2026-07-05T09:03:00+00:00'),
  ('5a85f897-e8d3-5ea7-99a4-cf01cba550c3', '52413eea-a2f6-5d5f-96b0-caebc6954b56', 'warehouse_manager', '2026-07-05T09:04:00+00:00');
INSERT INTO products (id, sku, barcode, name, name_ar, description, image_url, category_id, brand_id, unit_id, cost_price, sale_price, tax_rate, min_stock, track_expiry, is_active, created_at, updated_at) VALUES
  ('001903a3-52ab-51ce-a397-c6e698e69a13', 'STN-001', '6291000000001', 'A4 Spiral Notebook 100 Sheets', 'دفتر سلك A4 100 ورقة', 'Retail 520 YER | Wholesale 442 YER | Bulk 390 YER', NULL, '4b867143-fb9c-57d4-b06c-a96f142eb6d2', '56a96271-c262-5a1a-b761-e5d9b99a2e9b', '1ff213a3-4bef-5782-9b3f-0802ee7bd1e9', 390, 520, 15, 40, FALSE, TRUE, '2026-07-05T09:11:00+00:00', '2026-07-05T09:11:00+00:00'),
  ('2d180117-9227-5e31-8c49-4df0e71237bf', 'STN-002', '6291000000002', 'A5 Spiral Notebook 70 Sheets', 'دفتر سلك A5 70 ورقة', 'Retail 350 YER | Wholesale 298 YER | Bulk 262 YER', NULL, '4b867143-fb9c-57d4-b06c-a96f142eb6d2', '56a96271-c262-5a1a-b761-e5d9b99a2e9b', '1ff213a3-4bef-5782-9b3f-0802ee7bd1e9', 260, 350, 15, 50, FALSE, TRUE, '2026-07-05T09:12:00+00:00', '2026-07-05T09:12:00+00:00'),
  ('1c08db00-4360-5c93-8599-0a3bd8cd1d3b', 'STN-003', '6291000000003', 'Hard Cover Notebook 200 Sheets', 'دفتر غلاف مقوى 200 ورقة', 'Retail 980 YER | Wholesale 833 YER | Bulk 735 YER', NULL, '4b867143-fb9c-57d4-b06c-a96f142eb6d2', '56a96271-c262-5a1a-b761-e5d9b99a2e9b', '1ff213a3-4bef-5782-9b3f-0802ee7bd1e9', 760, 980, 15, 25, FALSE, TRUE, '2026-07-05T09:13:00+00:00', '2026-07-05T09:13:00+00:00'),
  ('8f897588-2a29-5aec-a99b-36b1a1c9e4b9', 'STN-004', '6291000000004', 'Composition Notebook 120 Sheets', 'دفتر مدرسي 120 ورقة', 'Retail 590 YER | Wholesale 502 YER | Bulk 442 YER', NULL, '4b867143-fb9c-57d4-b06c-a96f142eb6d2', '56a96271-c262-5a1a-b761-e5d9b99a2e9b', '1ff213a3-4bef-5782-9b3f-0802ee7bd1e9', 430, 590, 15, 40, FALSE, TRUE, '2026-07-05T09:14:00+00:00', '2026-07-05T09:14:00+00:00'),
  ('bb893776-1a3a-52be-9132-8e87e0a3c7bd', 'STN-005', '6291000000005', 'Graph Notebook A4 80 Sheets', 'دفتر مربعات A4 80 ورقة', 'Retail 690 YER | Wholesale 586 YER | Bulk 518 YER', NULL, '4b867143-fb9c-57d4-b06c-a96f142eb6d2', '56a96271-c262-5a1a-b761-e5d9b99a2e9b', '1ff213a3-4bef-5782-9b3f-0802ee7bd1e9', 520, 690, 15, 30, FALSE, TRUE, '2026-07-05T09:15:00+00:00', '2026-07-05T09:15:00+00:00'),
  ('43c26253-7835-5a40-855b-85b534b4581b', 'STN-006', '6291000000006', 'Exercise Notebook 50 Sheets', 'دفتر تمارين 50 ورقة', 'Retail 240 YER | Wholesale 204 YER | Bulk 180 YER', NULL, '4b867143-fb9c-57d4-b06c-a96f142eb6d2', '56a96271-c262-5a1a-b761-e5d9b99a2e9b', '1ff213a3-4bef-5782-9b3f-0802ee7bd1e9', 180, 240, 15, 60, FALSE, TRUE, '2026-07-05T09:16:00+00:00', '2026-07-05T09:16:00+00:00'),
  ('c14e3195-5f79-5430-9de7-333e4baadfd3', 'STN-007', '6291000000007', 'BIC Cristal Blue Ballpoint Pen', 'قلم بيك كريستال أزرق', 'Retail 120 YER | Wholesale 102 YER | Bulk 90 YER', NULL, '6470e0f2-e95b-59dc-9bb4-9d50620aa285', 'bdb18c05-6c07-5acc-81dd-4ea3d20b30fc', '9d6ba316-ead6-5039-9f10-dd02b48085f6', 85, 120, 15, 200, FALSE, TRUE, '2026-07-05T09:17:00+00:00', '2026-07-05T09:17:00+00:00'),
  ('7e858d3b-02ef-533a-affe-e98253f29fa9', 'STN-008', '6291000000008', 'BIC Cristal Black Ballpoint Pen', 'قلم بيك كريستال أسود', 'Retail 120 YER | Wholesale 102 YER | Bulk 90 YER', NULL, '6470e0f2-e95b-59dc-9bb4-9d50620aa285', 'bdb18c05-6c07-5acc-81dd-4ea3d20b30fc', '9d6ba316-ead6-5039-9f10-dd02b48085f6', 85, 120, 15, 200, FALSE, TRUE, '2026-07-05T09:18:00+00:00', '2026-07-05T09:18:00+00:00'),
  ('8483aedc-5ccf-52f8-8b66-dd78b76e048c', 'STN-009', '6291000000009', 'Deli Gel Pen 0.7 Blue', 'قلم جل ديلي 0.7 أزرق', 'Retail 150 YER | Wholesale 128 YER | Bulk 112 YER', NULL, '6470e0f2-e95b-59dc-9bb4-9d50620aa285', '9df86f1d-1f09-5adf-b3a5-94729a18db64', '9d6ba316-ead6-5039-9f10-dd02b48085f6', 110, 150, 15, 150, FALSE, TRUE, '2026-07-05T09:19:00+00:00', '2026-07-05T09:19:00+00:00'),
  ('900a9384-f545-5dae-90a2-00ed3e967313', 'STN-010', '6291000000010', 'Deli Marker Pen Black', 'ماركر ديلي أسود', 'Retail 220 YER | Wholesale 187 YER | Bulk 165 YER', NULL, '6470e0f2-e95b-59dc-9bb4-9d50620aa285', '9df86f1d-1f09-5adf-b3a5-94729a18db64', '9d6ba316-ead6-5039-9f10-dd02b48085f6', 160, 220, 15, 120, FALSE, TRUE, '2026-07-05T09:20:00+00:00', '2026-07-05T09:20:00+00:00'),
  ('3b72d6b1-a06b-5e4a-ada3-459f04ffb752', 'STN-011', '6291000000011', 'Faber-Castell Fineliner 10 Colors', 'فلومستر فابر كاستل 10 ألوان', 'Retail 1250 YER | Wholesale 1062 YER | Bulk 938 YER', NULL, '6470e0f2-e95b-59dc-9bb4-9d50620aa285', '8f9eed29-7328-52bf-b463-6c4a72c4cabb', '0a3b2b87-a30b-5362-9705-259516bc441f', 950, 1250, 15, 30, FALSE, TRUE, '2026-07-05T09:21:00+00:00', '2026-07-05T09:21:00+00:00'),
  ('51b7a423-d661-5a08-b199-aeb4bc76320b', 'STN-012', '6291000000012', 'Staedtler Whiteboard Marker Black', 'ماركر سبورة ستايدلر أسود', 'Retail 290 YER | Wholesale 246 YER | Bulk 218 YER', NULL, '6470e0f2-e95b-59dc-9bb4-9d50620aa285', '9bd9b290-7c5c-5227-8bfa-b6cc4c8824a2', '9d6ba316-ead6-5039-9f10-dd02b48085f6', 210, 290, 15, 80, FALSE, TRUE, '2026-07-05T09:22:00+00:00', '2026-07-05T09:22:00+00:00'),
  ('2421c83d-a0e3-5e6e-8b9c-3cd9dffd2061', 'STN-013', '6291000000013', 'M&G Retractable Ball Pen Blue', 'قلم جاف سحب إم آند جي أزرق', 'Retail 100 YER | Wholesale 85 YER | Bulk 75 YER', NULL, '6470e0f2-e95b-59dc-9bb4-9d50620aa285', 'd863eccd-c6b9-570d-99b7-7519218b387d', '9d6ba316-ead6-5039-9f10-dd02b48085f6', 70, 100, 15, 250, FALSE, TRUE, '2026-07-05T09:23:00+00:00', '2026-07-05T09:23:00+00:00'),
  ('9cc68a4d-6007-51ad-b549-587ddb8c49a9', 'STN-014', '6291000000014', 'M&G Highlighter Yellow', 'هايلايتر إم آند جي أصفر', 'Retail 130 YER | Wholesale 110 YER | Bulk 98 YER', NULL, '6470e0f2-e95b-59dc-9bb4-9d50620aa285', 'd863eccd-c6b9-570d-99b7-7519218b387d', '9d6ba316-ead6-5039-9f10-dd02b48085f6', 95, 130, 15, 150, FALSE, TRUE, '2026-07-05T09:24:00+00:00', '2026-07-05T09:24:00+00:00'),
  ('2a2c0fe7-01dc-5a53-9db1-180c9d8284da', 'STN-015', '6291000000015', 'Faber-Castell HB Pencil', 'قلم رصاص فابر كاستل HB', 'Retail 80 YER | Wholesale 68 YER | Bulk 60 YER', NULL, '2b04bcfc-4a12-54f3-b90f-5056b110de8c', '8f9eed29-7328-52bf-b463-6c4a72c4cabb', '9d6ba316-ead6-5039-9f10-dd02b48085f6', 55, 80, 15, 250, FALSE, TRUE, '2026-07-05T09:25:00+00:00', '2026-07-05T09:25:00+00:00'),
  ('b83f6109-1d99-5b6f-b936-b823220f4ae7', 'STN-016', '6291000000016', 'Staedtler Mechanical Pencil 0.5', 'قلم ميكانيك ستايدلر 0.5', 'Retail 650 YER | Wholesale 552 YER | Bulk 488 YER', NULL, '2b04bcfc-4a12-54f3-b90f-5056b110de8c', '9bd9b290-7c5c-5227-8bfa-b6cc4c8824a2', '9d6ba316-ead6-5039-9f10-dd02b48085f6', 480, 650, 15, 60, FALSE, TRUE, '2026-07-05T09:26:00+00:00', '2026-07-05T09:26:00+00:00'),
  ('356ed32a-0278-5038-a1ab-9690d2098997', 'STN-017', '6291000000017', 'Maped Eraser White', 'ممحاة مابيد بيضاء', 'Retail 70 YER | Wholesale 60 YER | Bulk 52 YER', NULL, '2b04bcfc-4a12-54f3-b90f-5056b110de8c', '4046e6d0-ccab-5c5e-ae5d-27070db5fc9f', '9d6ba316-ead6-5039-9f10-dd02b48085f6', 50, 70, 15, 250, FALSE, TRUE, '2026-07-05T09:27:00+00:00', '2026-07-05T09:27:00+00:00'),
  ('b365f28b-998d-5328-9b15-b23db84c45e0', 'STN-018', '6291000000018', 'Maped Pencil Sharpener', 'براية مابيد', 'Retail 90 YER | Wholesale 76 YER | Bulk 68 YER', NULL, '2b04bcfc-4a12-54f3-b90f-5056b110de8c', '4046e6d0-ccab-5c5e-ae5d-27070db5fc9f', '9d6ba316-ead6-5039-9f10-dd02b48085f6', 65, 90, 15, 180, FALSE, TRUE, '2026-07-05T09:28:00+00:00', '2026-07-05T09:28:00+00:00'),
  ('a34c22f9-4a24-5d68-bbc1-a1899a0f239a', 'STN-019', '6291000000019', 'Deli Eraser Pack of 4', 'ممحاة ديلي - 4 حبات', 'Retail 220 YER | Wholesale 187 YER | Bulk 165 YER', NULL, '2b04bcfc-4a12-54f3-b90f-5056b110de8c', '9df86f1d-1f09-5adf-b3a5-94729a18db64', '0a3b2b87-a30b-5362-9705-259516bc441f', 160, 220, 15, 100, FALSE, TRUE, '2026-07-05T09:29:00+00:00', '2026-07-05T09:29:00+00:00'),
  ('e6dded17-80f2-5cfe-b098-375fbdf00f32', 'STN-020', '6291000000020', 'Maped Scissors 17cm', 'مقص مابيد 17 سم', 'Retail 330 YER | Wholesale 280 YER | Bulk 248 YER', NULL, '619a3dae-d0f9-5384-9632-321fd7c429d8', '4046e6d0-ccab-5c5e-ae5d-27070db5fc9f', '9d6ba316-ead6-5039-9f10-dd02b48085f6', 240, 330, 15, 80, FALSE, TRUE, '2026-07-05T09:30:00+00:00', '2026-07-05T09:30:00+00:00'),
  ('7dee747f-7bf9-52a0-b159-f0a085fbd843', 'STN-021', '6291000000021', 'Maped Ruler 30cm', 'مسطرة مابيد 30 سم', 'Retail 70 YER | Wholesale 60 YER | Bulk 52 YER', NULL, '619a3dae-d0f9-5384-9632-321fd7c429d8', '4046e6d0-ccab-5c5e-ae5d-27070db5fc9f', '9d6ba316-ead6-5039-9f10-dd02b48085f6', 50, 70, 15, 200, FALSE, TRUE, '2026-07-05T09:31:00+00:00', '2026-07-05T09:31:00+00:00'),
  ('557f5c5d-c139-586c-886e-65ee2c3f03bb', 'STN-022', '6291000000022', 'Geometry Set 4 Pieces', 'طقم هندسي 4 قطع', 'Retail 430 YER | Wholesale 366 YER | Bulk 322 YER', NULL, '619a3dae-d0f9-5384-9632-321fd7c429d8', '4046e6d0-ccab-5c5e-ae5d-27070db5fc9f', '9843f487-a8bf-53cd-a5f8-1bbe9d0abec3', 320, 430, 15, 80, FALSE, TRUE, '2026-07-05T09:32:00+00:00', '2026-07-05T09:32:00+00:00'),
  ('8478ad90-ea01-5165-80f3-dc36003b4344', 'STN-023', '6291000000023', 'Compass Set Metal', 'فرجار معدني', 'Retail 380 YER | Wholesale 323 YER | Bulk 285 YER', NULL, '619a3dae-d0f9-5384-9632-321fd7c429d8', '56a96271-c262-5a1a-b761-e5d9b99a2e9b', '9843f487-a8bf-53cd-a5f8-1bbe9d0abec3', 280, 380, 15, 70, FALSE, TRUE, '2026-07-05T09:33:00+00:00', '2026-07-05T09:33:00+00:00'),
  ('76d1fc85-3ba0-5ec5-bf8a-dbf4c14f57eb', 'STN-024', '6291000000024', 'Glue Stick 8g', 'لاصق ستيك 8 جم', 'Retail 110 YER | Wholesale 94 YER | Bulk 82 YER', NULL, '619a3dae-d0f9-5384-9632-321fd7c429d8', '56a96271-c262-5a1a-b761-e5d9b99a2e9b', '9d6ba316-ead6-5039-9f10-dd02b48085f6', 75, 110, 15, 200, TRUE, TRUE, '2026-07-05T09:34:00+00:00', '2026-07-05T09:34:00+00:00'),
  ('d1ce6f91-e4e8-5c41-a561-5fc754393bbe', 'STN-025', '6291000000025', 'Correction Fluid Bottle', 'سائل تصحيح', 'Retail 170 YER | Wholesale 144 YER | Bulk 128 YER', NULL, '619a3dae-d0f9-5384-9632-321fd7c429d8', '56a96271-c262-5a1a-b761-e5d9b99a2e9b', '9d6ba316-ead6-5039-9f10-dd02b48085f6', 120, 170, 15, 100, TRUE, TRUE, '2026-07-05T09:35:00+00:00', '2026-07-05T09:35:00+00:00'),
  ('71c7156b-f6e5-5e3e-bbed-d559c6df31f8', 'STN-026', '6291000000026', 'School Pencil Case', 'مقلمة مدرسية', 'Retail 420 YER | Wholesale 357 YER | Bulk 315 YER', NULL, '619a3dae-d0f9-5384-9632-321fd7c429d8', '56a96271-c262-5a1a-b761-e5d9b99a2e9b', '9d6ba316-ead6-5039-9f10-dd02b48085f6', 300, 420, 15, 80, FALSE, TRUE, '2026-07-05T09:36:00+00:00', '2026-07-05T09:36:00+00:00'),
  ('40d88f5b-9c50-5a1f-a77e-4e3c02924b22', 'STN-027', '6291000000027', 'A4 Copy Paper 80gsm Ream', 'ورق تصوير A4 80 جم', 'Retail 5600 YER | Wholesale 4760 YER | Bulk 4200 YER', NULL, '07e3d94e-463d-56e2-a96f-0550af7c7753', '56a96271-c262-5a1a-b761-e5d9b99a2e9b', 'ed34803d-3743-5365-9071-02ee5d548d69', 4200, 5600, 15, 30, FALSE, TRUE, '2026-07-05T09:37:00+00:00', '2026-07-05T09:37:00+00:00'),
  ('f0859cfd-faa2-548a-b5f3-679c84b09d6d', 'STN-028', '6291000000028', 'A3 Copy Paper 80gsm Ream', 'ورق تصوير A3 80 جم', 'Retail 9800 YER | Wholesale 8330 YER | Bulk 7350 YER', NULL, '07e3d94e-463d-56e2-a96f-0550af7c7753', '56a96271-c262-5a1a-b761-e5d9b99a2e9b', 'ed34803d-3743-5365-9071-02ee5d548d69', 7600, 9800, 15, 15, FALSE, TRUE, '2026-07-05T09:38:00+00:00', '2026-07-05T09:38:00+00:00'),
  ('dbeed0d9-9475-5f94-8b36-97f64273ef4e', 'STN-029', '6291000000029', 'Colored Paper A4 Pack', 'ورق ملون A4', 'Retail 2400 YER | Wholesale 2040 YER | Bulk 1800 YER', NULL, '07e3d94e-463d-56e2-a96f-0550af7c7753', '56a96271-c262-5a1a-b761-e5d9b99a2e9b', '0a3b2b87-a30b-5362-9705-259516bc441f', 1800, 2400, 15, 20, FALSE, TRUE, '2026-07-05T09:39:00+00:00', '2026-07-05T09:39:00+00:00'),
  ('599a01f0-db2c-5a1f-983a-af3c8f5143c6', 'STN-030', '6291000000030', 'Thermal Receipt Roll 80mm', 'رول حراري 80 مم', 'Retail 1250 YER | Wholesale 1062 YER | Bulk 938 YER', NULL, '07e3d94e-463d-56e2-a96f-0550af7c7753', '56a96271-c262-5a1a-b761-e5d9b99a2e9b', '0a3b2b87-a30b-5362-9705-259516bc441f', 950, 1250, 15, 50, FALSE, TRUE, '2026-07-05T09:40:00+00:00', '2026-07-05T09:40:00+00:00'),
  ('46efa8d0-b7e0-5ad1-a96c-27df5bf98c29', 'STN-031', '6291000000031', 'Printable Sticker Sheet Pack', 'أوراق ستيكر للطباعة', 'Retail 2000 YER | Wholesale 1700 YER | Bulk 1500 YER', NULL, '07e3d94e-463d-56e2-a96f-0550af7c7753', '56a96271-c262-5a1a-b761-e5d9b99a2e9b', '0a3b2b87-a30b-5362-9705-259516bc441f', 1500, 2000, 15, 20, FALSE, TRUE, '2026-07-05T09:41:00+00:00', '2026-07-05T09:41:00+00:00'),
  ('199f2a3d-a6d8-522d-b412-468ec48760e7', 'STN-032', '6291000000032', 'A4 Plastic File Folder', 'ملف بلاستيك A4', 'Retail 200 YER | Wholesale 170 YER | Bulk 150 YER', NULL, '4ba20c19-67b5-565d-ba8a-b2365894d513', '56a96271-c262-5a1a-b761-e5d9b99a2e9b', '9d6ba316-ead6-5039-9f10-dd02b48085f6', 140, 200, 15, 120, FALSE, TRUE, '2026-07-05T09:42:00+00:00', '2026-07-05T09:42:00+00:00'),
  ('cbc8ed1c-391f-5065-b826-1416234eaf6b', 'STN-033', '6291000000033', 'Lever Arch File', 'ملف رافعة', 'Retail 850 YER | Wholesale 722 YER | Bulk 638 YER', NULL, '4ba20c19-67b5-565d-ba8a-b2365894d513', '56a96271-c262-5a1a-b761-e5d9b99a2e9b', '9d6ba316-ead6-5039-9f10-dd02b48085f6', 620, 850, 15, 40, FALSE, TRUE, '2026-07-05T09:43:00+00:00', '2026-07-05T09:43:00+00:00'),
  ('bb6e85c8-8aea-5399-b9e0-496e5592720e', 'STN-034', '6291000000034', 'Ring Binder 2 Inch', 'ملف حلقة 2 إنش', 'Retail 650 YER | Wholesale 552 YER | Bulk 488 YER', NULL, '4ba20c19-67b5-565d-ba8a-b2365894d513', '56a96271-c262-5a1a-b761-e5d9b99a2e9b', '9d6ba316-ead6-5039-9f10-dd02b48085f6', 480, 650, 15, 40, FALSE, TRUE, '2026-07-05T09:44:00+00:00', '2026-07-05T09:44:00+00:00'),
  ('b899a830-638a-57f3-9796-42cb41d97f3f', 'STN-035', '6291000000035', 'Document Bag Zip', 'حافظة مستندات بسحاب', 'Retail 360 YER | Wholesale 306 YER | Bulk 270 YER', NULL, '4ba20c19-67b5-565d-ba8a-b2365894d513', '56a96271-c262-5a1a-b761-e5d9b99a2e9b', '9d6ba316-ead6-5039-9f10-dd02b48085f6', 260, 360, 15, 70, FALSE, TRUE, '2026-07-05T09:45:00+00:00', '2026-07-05T09:45:00+00:00'),
  ('ddd85847-7ca7-5b08-8c97-ee468cda33ef', 'STN-036', '6291000000036', 'Index Divider Set', 'فواصل ملفات', 'Retail 300 YER | Wholesale 255 YER | Bulk 225 YER', NULL, '4ba20c19-67b5-565d-ba8a-b2365894d513', '56a96271-c262-5a1a-b761-e5d9b99a2e9b', '9843f487-a8bf-53cd-a5f8-1bbe9d0abec3', 220, 300, 15, 80, FALSE, TRUE, '2026-07-05T09:46:00+00:00', '2026-07-05T09:46:00+00:00'),
  ('948f2163-30fa-5b1c-9570-8d5b95894c47', 'STN-037', '6291000000037', 'Transparent Packing Tape 2 inch', 'شريط لاصق شفاف 2 إنش', 'Retail 150 YER | Wholesale 128 YER | Bulk 112 YER', NULL, 'babfc3a9-dc59-5691-b457-39f264dec70e', '56a96271-c262-5a1a-b761-e5d9b99a2e9b', '9d6ba316-ead6-5039-9f10-dd02b48085f6', 110, 150, 15, 180, FALSE, TRUE, '2026-07-05T09:47:00+00:00', '2026-07-05T09:47:00+00:00'),
  ('6bbc71db-43dc-5949-a866-f798aeb3dfdd', 'STN-038', '6291000000038', 'Double Sided Tape', 'شريط لاصق مزدوج', 'Retail 180 YER | Wholesale 153 YER | Bulk 135 YER', NULL, 'babfc3a9-dc59-5691-b457-39f264dec70e', '56a96271-c262-5a1a-b761-e5d9b99a2e9b', '9d6ba316-ead6-5039-9f10-dd02b48085f6', 130, 180, 15, 120, FALSE, TRUE, '2026-07-05T09:48:00+00:00', '2026-07-05T09:48:00+00:00'),
  ('aac70ad7-9b93-5768-ba67-180aef0fa9e9', 'STN-039', '6291000000039', 'White Glue Bottle 120ml', 'غراء أبيض 120 مل', 'Retail 250 YER | Wholesale 212 YER | Bulk 188 YER', NULL, 'babfc3a9-dc59-5691-b457-39f264dec70e', '56a96271-c262-5a1a-b761-e5d9b99a2e9b', '9d6ba316-ead6-5039-9f10-dd02b48085f6', 180, 250, 15, 100, TRUE, TRUE, '2026-07-05T09:49:00+00:00', '2026-07-05T09:49:00+00:00'),
  ('f555d0ee-7ea4-5058-a804-b053ab251cee', 'STN-040', '6291000000040', 'Correction Tape 6m', 'مصحح شريط 6 م', 'Retail 190 YER | Wholesale 162 YER | Bulk 142 YER', NULL, 'babfc3a9-dc59-5691-b457-39f264dec70e', '56a96271-c262-5a1a-b761-e5d9b99a2e9b', '9d6ba316-ead6-5039-9f10-dd02b48085f6', 140, 190, 15, 90, FALSE, TRUE, '2026-07-05T09:50:00+00:00', '2026-07-05T09:50:00+00:00'),
  ('f17829fe-1d7c-576e-99a9-5e796790eee5', 'STN-041', '6291000000041', 'Staple Remover', 'مزيل دبابيس', 'Retail 130 YER | Wholesale 110 YER | Bulk 98 YER', NULL, 'babfc3a9-dc59-5691-b457-39f264dec70e', '56a96271-c262-5a1a-b761-e5d9b99a2e9b', '9d6ba316-ead6-5039-9f10-dd02b48085f6', 95, 130, 15, 80, FALSE, TRUE, '2026-07-05T09:51:00+00:00', '2026-07-05T09:51:00+00:00'),
  ('4dc79e42-00ac-565c-a8f8-d08919812cc1', 'STN-042', '6291000000042', 'Desktop Stapler', 'دباسة مكتبية', 'Retail 1300 YER | Wholesale 1105 YER | Bulk 975 YER', NULL, 'ca9747db-71f7-54fc-a808-516e6a6f687e', '9df86f1d-1f09-5adf-b3a5-94729a18db64', '9d6ba316-ead6-5039-9f10-dd02b48085f6', 950, 1300, 15, 50, FALSE, TRUE, '2026-07-05T09:52:00+00:00', '2026-07-05T09:52:00+00:00'),
  ('c2e5a53a-9070-50c7-8416-67c91363818f', 'STN-043', '6291000000043', 'Staples 24/6 Box', 'دبابيس دباسة 24/6', 'Retail 220 YER | Wholesale 187 YER | Bulk 165 YER', NULL, 'ca9747db-71f7-54fc-a808-516e6a6f687e', '9df86f1d-1f09-5adf-b3a5-94729a18db64', 'ac4378de-8ec0-5879-bc71-d75a9c864ce2', 160, 220, 15, 180, FALSE, TRUE, '2026-07-05T09:53:00+00:00', '2026-07-05T09:53:00+00:00'),
  ('4ee0c6b2-744c-525f-84b4-73b12ed43fa9', 'STN-044', '6291000000044', 'Paper Punch 2-Hole', 'خرامة ورق ثقبين', 'Retail 1150 YER | Wholesale 978 YER | Bulk 862 YER', NULL, 'ca9747db-71f7-54fc-a808-516e6a6f687e', '56a96271-c262-5a1a-b761-e5d9b99a2e9b', '9d6ba316-ead6-5039-9f10-dd02b48085f6', 850, 1150, 15, 40, FALSE, TRUE, '2026-07-05T09:54:00+00:00', '2026-07-05T09:54:00+00:00'),
  ('38e4f2c6-366e-564f-b940-f4487feab157', 'STN-045', '6291000000045', 'Desk Organizer Tray', 'منظم مكتب', 'Retail 1600 YER | Wholesale 1360 YER | Bulk 1200 YER', NULL, 'ca9747db-71f7-54fc-a808-516e6a6f687e', '56a96271-c262-5a1a-b761-e5d9b99a2e9b', '9d6ba316-ead6-5039-9f10-dd02b48085f6', 1200, 1600, 15, 30, FALSE, TRUE, '2026-07-05T09:55:00+00:00', '2026-07-05T09:55:00+00:00'),
  ('a8414d6f-afdd-5eeb-8eca-9670ab7f8898', 'STN-046', '6291000000046', 'Sticky Notes 3x3', 'ملاحظات لاصقة 3×3', 'Retail 290 YER | Wholesale 246 YER | Bulk 218 YER', NULL, 'ca9747db-71f7-54fc-a808-516e6a6f687e', '56a96271-c262-5a1a-b761-e5d9b99a2e9b', '0a3b2b87-a30b-5362-9705-259516bc441f', 210, 290, 15, 120, FALSE, TRUE, '2026-07-05T09:56:00+00:00', '2026-07-05T09:56:00+00:00'),
  ('5af34939-a4a6-50c6-b054-2a434b4543cb', 'STN-047', '6291000000047', 'Calculator 12 Digit', 'آلة حاسبة 12 رقم', 'Retail 3700 YER | Wholesale 3145 YER | Bulk 2775 YER', NULL, 'ca9747db-71f7-54fc-a808-516e6a6f687e', '56a96271-c262-5a1a-b761-e5d9b99a2e9b', '9d6ba316-ead6-5039-9f10-dd02b48085f6', 2800, 3700, 15, 20, FALSE, TRUE, '2026-07-05T09:57:00+00:00', '2026-07-05T09:57:00+00:00'),
  ('17a154a4-56c0-570c-b747-01f84d08f8ed', 'STN-048', '6291000000048', 'Colored Pencils 12 Pack', 'أقلام تلوين 12 لون', 'Retail 1300 YER | Wholesale 1105 YER | Bulk 975 YER', NULL, '5290955d-8af5-5994-a34a-47ef5dbd043f', '8f9eed29-7328-52bf-b463-6c4a72c4cabb', '0a3b2b87-a30b-5362-9705-259516bc441f', 980, 1300, 15, 30, FALSE, TRUE, '2026-07-05T09:58:00+00:00', '2026-07-05T09:58:00+00:00'),
  ('0af2c63d-44de-5a31-95ab-b7efa44304ae', 'STN-049', '6291000000049', 'Watercolor Paint Set 12 Colors', 'ألوان مائية 12 لون', 'Retail 1850 YER | Wholesale 1572 YER | Bulk 1388 YER', NULL, '5290955d-8af5-5994-a34a-47ef5dbd043f', '4046e6d0-ccab-5c5e-ae5d-27070db5fc9f', '9843f487-a8bf-53cd-a5f8-1bbe9d0abec3', 1400, 1850, 15, 20, FALSE, TRUE, '2026-07-05T09:59:00+00:00', '2026-07-05T09:59:00+00:00'),
  ('54efd525-350b-51a9-9d3a-fa6c809c41bb', 'STN-050', '6291000000050', 'Sketch Book A4', 'دفتر رسم A4', 'Retail 600 YER | Wholesale 510 YER | Bulk 450 YER', NULL, '5290955d-8af5-5994-a34a-47ef5dbd043f', '56a96271-c262-5a1a-b761-e5d9b99a2e9b', '1ff213a3-4bef-5782-9b3f-0802ee7bd1e9', 450, 600, 15, 30, FALSE, TRUE, '2026-07-05T10:00:00+00:00', '2026-07-05T10:00:00+00:00'),
  ('aed6fd5d-d840-57b5-9b9d-64d4d99955e8', 'STN-051', '6291000000051', 'Brush Set 5 Pieces', 'طقم فرش 5 قطع', 'Retail 700 YER | Wholesale 595 YER | Bulk 525 YER', NULL, '5290955d-8af5-5994-a34a-47ef5dbd043f', '56a96271-c262-5a1a-b761-e5d9b99a2e9b', '9843f487-a8bf-53cd-a5f8-1bbe9d0abec3', 520, 700, 15, 25, FALSE, TRUE, '2026-07-05T10:01:00+00:00', '2026-07-05T10:01:00+00:00'),
  ('40d277de-2fc3-5a8c-916b-9dbe9751c65d', 'STN-052', '6291000000052', 'Oil Pastels 24 Colors', 'ألوان شمعية 24 لون', 'Retail 1020 YER | Wholesale 867 YER | Bulk 765 YER', NULL, '5290955d-8af5-5994-a34a-47ef5dbd043f', 'd863eccd-c6b9-570d-99b7-7519218b387d', '0a3b2b87-a30b-5362-9705-259516bc441f', 760, 1020, 15, 20, FALSE, TRUE, '2026-07-05T10:02:00+00:00', '2026-07-05T10:02:00+00:00'),
  ('8910f5a6-a647-522f-bc06-9bd818e72e14', 'STN-053', '6291000000053', 'Black Laser Toner Cartridge', 'خرطوشة تونر ليزر أسود', 'Retail 29500 YER | Wholesale 25075 YER | Bulk 22125 YER', NULL, 'f676a8c9-dbd4-50ba-8fd9-d315b8dd0579', '56a96271-c262-5a1a-b761-e5d9b99a2e9b', '9d6ba316-ead6-5039-9f10-dd02b48085f6', 22000, 29500, 15, 10, FALSE, TRUE, '2026-07-05T10:03:00+00:00', '2026-07-05T10:03:00+00:00'),
  ('64de6c21-8a50-5003-8de9-54072b2f31cb', 'STN-054', '6291000000054', 'Inkjet Cartridge Color Set', 'طقم خراطيش حبر ملون', 'Retail 21000 YER | Wholesale 17850 YER | Bulk 15750 YER', NULL, 'f676a8c9-dbd4-50ba-8fd9-d315b8dd0579', '56a96271-c262-5a1a-b761-e5d9b99a2e9b', '9843f487-a8bf-53cd-a5f8-1bbe9d0abec3', 15500, 21000, 15, 10, FALSE, TRUE, '2026-07-05T10:04:00+00:00', '2026-07-05T10:04:00+00:00'),
  ('b4fe7b6f-ab0d-563b-a184-ac7cc5fd38cf', 'STN-055', '6291000000055', 'Printer Cleaning Sheet Pack', 'أوراق تنظيف طابعة', 'Retail 900 YER | Wholesale 765 YER | Bulk 675 YER', NULL, 'f676a8c9-dbd4-50ba-8fd9-d315b8dd0579', '56a96271-c262-5a1a-b761-e5d9b99a2e9b', '0a3b2b87-a30b-5362-9705-259516bc441f', 650, 900, 15, 20, FALSE, TRUE, '2026-07-05T10:05:00+00:00', '2026-07-05T10:05:00+00:00'),
  ('4d9ca227-96c2-5000-b4d9-e51517159c00', 'STN-056', '6291000000056', 'Lamination Pouch A4 Pack', 'أكياس تغليف A4', 'Retail 2300 YER | Wholesale 1955 YER | Bulk 1725 YER', NULL, 'f676a8c9-dbd4-50ba-8fd9-d315b8dd0579', '56a96271-c262-5a1a-b761-e5d9b99a2e9b', '0a3b2b87-a30b-5362-9705-259516bc441f', 1700, 2300, 15, 15, FALSE, TRUE, '2026-07-05T10:06:00+00:00', '2026-07-05T10:06:00+00:00');
INSERT INTO purchase_invoices (id, invoice_number, supplier_id, warehouse_id, status, subtotal, discount, tax, total, paid, payment_method, note, created_by, created_at, updated_at) VALUES
  ('80af452a-9d57-51bd-b656-6ac0896e8d73', 'PINV-0001', '76c9784a-de03-5d79-bca9-e464028ba262', 'b740ad4e-34c3-5e42-aca8-6add4d667371', 'received', 105901.6, 338.4, 15885.24, 121786.84, 121786.84, 'cash', 'Seed purchase PINV-0001', '5da94d74-bd35-5649-afd6-7694627a7d16', '2026-07-05T10:41:00+00:00', '2026-07-05T10:41:00+00:00'),
  ('205331b3-9e92-5527-8a98-8a9a4ac792a1', 'PINV-0002', '44634490-e916-5696-b961-ec8c3e44609b', 'b740ad4e-34c3-5e42-aca8-6add4d667371', 'received', 109491.6, 1458.4, 16423.74, 125915.34, 62957.67, 'bank_transfer', 'Seed purchase PINV-0002', '5da94d74-bd35-5649-afd6-7694627a7d16', '2026-07-05T10:42:00+00:00', '2026-07-05T10:42:00+00:00'),
  ('e9292e5e-e4f6-5567-abb9-843485180b3d', 'PINV-0003', '414cd942-6f07-5bcb-915c-c9e31ced0f43', 'e2e84f67-db8d-56b1-a80e-2256351c0dbc', 'received', 85533, 717, 12829.94, 98362.94, 98362.94, 'cash', 'Seed purchase PINV-0003', '5da94d74-bd35-5649-afd6-7694627a7d16', '2026-07-05T10:43:00+00:00', '2026-07-05T10:43:00+00:00'),
  ('843efd90-75dc-5914-96e3-1bf975d9dae5', 'PINV-0004', 'c6a47bba-f05f-56a4-b332-ed44bb935543', 'b740ad4e-34c3-5e42-aca8-6add4d667371', 'received', 307751, 5099, 46162.65, 353913.65, 176956.83, 'bank_transfer', 'Seed purchase PINV-0004', '5da94d74-bd35-5649-afd6-7694627a7d16', '2026-07-05T10:44:00+00:00', '2026-07-05T10:44:00+00:00');
INSERT INTO purchase_invoice_items (id, invoice_id, product_id, quantity, unit_cost, discount, tax, total) VALUES
  ('c1e2304a-25a3-5ab6-9b1e-0fcad00d2f3f', '80af452a-9d57-51bd-b656-6ac0896e8d73', '001903a3-52ab-51ce-a397-c6e698e69a13', 101, 390, 0, 5908.5, 45298.5),
  ('b43d04c0-0598-525b-bba7-9705b39be38d', '80af452a-9d57-51bd-b656-6ac0896e8d73', '2d180117-9227-5e31-8c49-4df0e71237bf', 23, 260, 179.4, 870.09, 6670.69),
  ('1086fce2-e86b-5219-8fb1-615f50318c65', '80af452a-9d57-51bd-b656-6ac0896e8d73', '1c08db00-4360-5c93-8599-0a3bd8cd1d3b', 55, 760, 0, 6270, 48070),
  ('55fdc953-0c2d-5325-b1aa-9a62e57fedd9', '80af452a-9d57-51bd-b656-6ac0896e8d73', 'c14e3195-5f79-5430-9de7-333e4baadfd3', 48, 85, 0, 612, 4692),
  ('cb54e39b-641d-533a-82c1-d50c64c23400', '80af452a-9d57-51bd-b656-6ac0896e8d73', '7e858d3b-02ef-533a-affe-e98253f29fa9', 114, 85, 0, 1453.5, 11143.5),
  ('6c2a656b-5646-529a-abb0-68ade4e9a56a', '80af452a-9d57-51bd-b656-6ac0896e8d73', '7dee747f-7bf9-52a0-b159-f0a085fbd843', 106, 50, 159, 771.15, 5912.15),
  ('4ca3094a-4574-5f5f-8aed-6638007fa013', '205331b3-9e92-5527-8a98-8a9a4ac792a1', '8f897588-2a29-5aec-a99b-36b1a1c9e4b9', 89, 430, 0, 5740.5, 44010.5),
  ('e0c69031-69e2-53e3-ba92-9e7eeeaaa8e9', '205331b3-9e92-5527-8a98-8a9a4ac792a1', 'bb893776-1a3a-52be-9132-8e87e0a3c7bd', 95, 520, 988, 7261.8, 55673.8),
  ('f41fca15-2452-54d5-af6d-035d8ab5d065', '205331b3-9e92-5527-8a98-8a9a4ac792a1', '8483aedc-5ccf-52f8-8b66-dd78b76e048c', 24, 110, 0, 396, 3036),
  ('7d379b10-684e-5b6d-be84-074bc5d9b8b5', '205331b3-9e92-5527-8a98-8a9a4ac792a1', '900a9384-f545-5dae-90a2-00ed3e967313', 31, 160, 0, 744, 5704),
  ('447539f1-140f-5cce-a8fb-012de23ed857', '205331b3-9e92-5527-8a98-8a9a4ac792a1', '557f5c5d-c139-586c-886e-65ee2c3f03bb', 49, 320, 470.4, 2281.44, 17491.04),
  ('4021c720-172d-58f7-a9e0-da68737f2599', 'e9292e5e-e4f6-5567-abb9-843485180b3d', '3b72d6b1-a06b-5e4a-ada3-459f04ffb752', 24, 950, 0, 3420, 26220),
  ('37e24974-a01a-5d32-a058-9aa06a971ce1', 'e9292e5e-e4f6-5567-abb9-843485180b3d', '51b7a423-d661-5a08-b199-aeb4bc76320b', 91, 210, 0, 2866.5, 21976.5),
  ('4f66e91a-2fde-5356-a4fc-d5b2f92a0840', 'e9292e5e-e4f6-5567-abb9-843485180b3d', '2421c83d-a0e3-5e6e-8b9c-3cd9dffd2061', 111, 70, 233.1, 1130.53, 8667.43),
  ('d2f941f8-ec4e-5715-b97a-fd6a7bf2128b', 'e9292e5e-e4f6-5567-abb9-843485180b3d', '9cc68a4d-6007-51ad-b549-587ddb8c49a9', 109, 95, 310.65, 1506.65, 11551),
  ('443c8f8b-25ec-562f-8464-2cf5c22e3739', 'e9292e5e-e4f6-5567-abb9-843485180b3d', '8478ad90-ea01-5165-80f3-dc36003b4344', 73, 280, 0, 3066, 23506),
  ('d234d3b1-f427-5afa-ab08-11e7c80cbf58', 'e9292e5e-e4f6-5567-abb9-843485180b3d', '76d1fc85-3ba0-5ec5-bf8a-dbf4c14f57eb', 77, 75, 173.25, 840.26, 6442.01),
  ('1a8c545b-8411-58c8-8859-cde7f795d98e', '843efd90-75dc-5914-96e3-1bf975d9dae5', 'd1ce6f91-e4e8-5c41-a561-5fc754393bbe', 55, 120, 0, 990, 7590),
  ('2012cb95-e5d4-5196-83f6-71c717068e77', '843efd90-75dc-5914-96e3-1bf975d9dae5', '71c7156b-f6e5-5e3e-bbed-d559c6df31f8', 117, 300, 0, 5265, 40365),
  ('ad3b1d45-2978-50c2-9fc1-a43e77ba4909', '843efd90-75dc-5914-96e3-1bf975d9dae5', '40d88f5b-9c50-5a1f-a77e-4e3c02924b22', 27, 4200, 2268, 16669.8, 127801.8),
  ('c2796dad-3677-5751-a8ac-96759c66850f', '843efd90-75dc-5914-96e3-1bf975d9dae5', 'f0859cfd-faa2-548a-b5f3-679c84b09d6d', 15, 7600, 2280, 16758, 128478),
  ('3dfe3de8-8b21-5bdb-a593-a6cbfe31529c', '843efd90-75dc-5914-96e3-1bf975d9dae5', 'dbeed0d9-9475-5f94-8b36-97f64273ef4e', 9, 1800, 0, 2430, 18630),
  ('9b9473d3-6d18-5abe-8480-9e1590422e61', '843efd90-75dc-5914-96e3-1bf975d9dae5', '599a01f0-db2c-5a1f-983a-af3c8f5143c6', 29, 950, 551, 4049.85, 31048.85);
INSERT INTO purchase_returns (id, return_number, invoice_id, supplier_id, warehouse_id, subtotal, tax, total, refund_method, note, created_by, created_at) VALUES
  ('5b5b9bcf-e40a-574d-bf6c-2219e1e25079', 'PRN-0001', '80af452a-9d57-51bd-b656-6ac0896e8d73', '76c9784a-de03-5d79-bca9-e464028ba262', 'b740ad4e-34c3-5e42-aca8-6add4d667371', 8840, 1326, 10166, 'cash', 'Returned damaged cartons', 'e9bea84a-7055-5574-873c-62869fd3801d', '2026-07-05T13:11:00+00:00');
INSERT INTO purchase_return_items (id, return_id, product_id, quantity, unit_cost, tax, total) VALUES
  ('74fe3620-ec24-5224-b3f6-5efdcac8df18', '5b5b9bcf-e40a-574d-bf6c-2219e1e25079', '001903a3-52ab-51ce-a397-c6e698e69a13', 20, 390, 1170, 8970),
  ('555b125b-5862-5804-a6e8-8e494a7ae378', '5b5b9bcf-e40a-574d-bf6c-2219e1e25079', '2d180117-9227-5e31-8c49-4df0e71237bf', 4, 260, 156, 1196);
INSERT INTO sales_invoices (id, invoice_number, customer_id, warehouse_id, status, subtotal, discount, tax, total, paid, payment_method, note, created_by, created_at, updated_at) VALUES
  ('8af1676c-cab7-5ce5-8e64-76d33cd5ebcd', 'SINV-0001', 'd1c1e62e-20b0-55e6-8630-cd4167a64c0a', 'b740ad4e-34c3-5e42-aca8-6add4d667371', 'completed', 15294, 616, 2294.1, 17588.1, 17588.1, 'cash', 'Seed sale SINV-0001', 'ac5f3bcb-7bed-546b-83d3-01d9752940f8', '2026-07-05T14:01:00+00:00', '2026-07-05T14:01:00+00:00'),
  ('4704213b-a1bf-5edc-830a-814b687bdf46', 'SINV-0002', 'f861e1bf-1999-5f56-aa0d-608819877706', 'b740ad4e-34c3-5e42-aca8-6add4d667371', 'completed', 16949.4, 1230.6, 2542.41, 19491.81, 19491.81, 'mobile_money', 'Seed sale SINV-0002', 'ac5f3bcb-7bed-546b-83d3-01d9752940f8', '2026-07-05T14:02:00+00:00', '2026-07-05T14:02:00+00:00'),
  ('52b28ce4-e4de-5ae3-9fb6-318c352e8cf4', 'SINV-0003', '52b63356-21d2-5597-bbef-20421b2186a4', 'b740ad4e-34c3-5e42-aca8-6add4d667371', 'completed', 20877.5, 822.5, 3131.63, 24009.13, 24009.13, 'cash', 'Seed sale SINV-0003', 'ac5f3bcb-7bed-546b-83d3-01d9752940f8', '2026-07-05T14:03:00+00:00', '2026-07-05T14:03:00+00:00'),
  ('f64f41d7-85d8-50aa-875c-c01b6b514dcc', 'SINV-0004', '28e2daee-c384-5153-aba1-0263102c377a', 'e2e84f67-db8d-56b1-a80e-2256351c0dbc', 'completed', 42303.8, 2496.2, 6345.57, 48649.37, 0, 'credit', 'Seed sale SINV-0004', 'ac5f3bcb-7bed-546b-83d3-01d9752940f8', '2026-07-05T14:04:00+00:00', '2026-07-05T14:04:00+00:00'),
  ('890d020a-51f2-5a77-b2d4-941447d7d120', 'SINV-0005', '766378c3-4ae2-54e6-8093-fb3cf8eca253', 'e2e84f67-db8d-56b1-a80e-2256351c0dbc', 'completed', 25082.6, 1077.4, 3762.39, 28844.99, 28844.99, 'cash', 'Seed sale SINV-0005', 'ac5f3bcb-7bed-546b-83d3-01d9752940f8', '2026-07-05T14:05:00+00:00', '2026-07-05T14:05:00+00:00'),
  ('d31ca1c0-f55e-5730-926d-2c50816da704', 'SINV-0006', '0592b8ba-5968-5b3b-bd62-bb6a0f73a1cd', 'b740ad4e-34c3-5e42-aca8-6add4d667371', 'completed', 16356.5, 403.5, 2453.47, 18809.97, 18809.97, 'bank_transfer', 'Seed sale SINV-0006', 'ac5f3bcb-7bed-546b-83d3-01d9752940f8', '2026-07-05T14:06:00+00:00', '2026-07-05T14:06:00+00:00');
INSERT INTO sales_invoice_items (id, invoice_id, product_id, quantity, unit_price, discount, tax, total) VALUES
  ('918d435c-ae99-5a1b-b273-fdb0d0c77409', '8af1676c-cab7-5ce5-8e64-76d33cd5ebcd', '001903a3-52ab-51ce-a397-c6e698e69a13', 6, 520, 0, 468, 3588),
  ('bab5dcdf-8163-56bc-a9f4-31168b46cebb', '8af1676c-cab7-5ce5-8e64-76d33cd5ebcd', 'c14e3195-5f79-5430-9de7-333e4baadfd3', 15, 120, 0, 270, 2070),
  ('3f2a6d85-dcd5-5390-b953-4ec7aade009c', '8af1676c-cab7-5ce5-8e64-76d33cd5ebcd', '2a2c0fe7-01dc-5a53-9db1-180c9d8284da', 14, 80, 56, 159.6, 1223.6),
  ('5c2f9ae4-621d-55e1-ad52-fcb53a0ac24f', '8af1676c-cab7-5ce5-8e64-76d33cd5ebcd', 'd1ce6f91-e4e8-5c41-a561-5fc754393bbe', 11, 170, 0, 280.5, 2150.5),
  ('5acf1cbe-fa51-5290-9349-55cba24d90cb', '8af1676c-cab7-5ce5-8e64-76d33cd5ebcd', '46efa8d0-b7e0-5ad1-a96c-27df5bf98c29', 4, 2000, 560, 1116, 8556),
  ('2d59c770-3d2f-578e-be6b-3cb313f69c74', '4704213b-a1bf-5edc-830a-814b687bdf46', '2d180117-9227-5e31-8c49-4df0e71237bf', 6, 350, 105, 299.25, 2294.25),
  ('18c90b01-cf91-5ed9-ac93-df41ef786491', '4704213b-a1bf-5edc-830a-814b687bdf46', '7e858d3b-02ef-533a-affe-e98253f29fa9', 5, 120, 42, 83.7, 641.7),
  ('57c08be7-ea51-598a-b8e2-3fc900074bf5', '4704213b-a1bf-5edc-830a-814b687bdf46', 'b83f6109-1d99-5b6f-b936-b823220f4ae7', 12, 650, 546, 1088.1, 8342.1),
  ('9ee5de4d-65af-55e6-9e09-eb2d7673087a', '4704213b-a1bf-5edc-830a-814b687bdf46', '71c7156b-f6e5-5e3e-bbed-d559c6df31f8', 14, 420, 411.6, 820.26, 6288.66),
  ('d8bb26de-fb78-5a27-8e00-1693b714e518', '4704213b-a1bf-5edc-830a-814b687bdf46', '199f2a3d-a6d8-522d-b412-468ec48760e7', 9, 200, 126, 251.1, 1925.1),
  ('b1f8cde8-056c-5d73-ad46-4dffce8519bb', '52b28ce4-e4de-5ae3-9fb6-318c352e8cf4', '1c08db00-4360-5c93-8599-0a3bd8cd1d3b', 5, 980, 0, 735, 5635),
  ('eb2ec9b5-0a2b-5284-9928-66bd2503ff9d', '52b28ce4-e4de-5ae3-9fb6-318c352e8cf4', '8483aedc-5ccf-52f8-8b66-dd78b76e048c', 10, 150, 75, 213.75, 1638.75),
  ('652da114-b5e7-5883-80a6-41c96ddca441', '52b28ce4-e4de-5ae3-9fb6-318c352e8cf4', '356ed32a-0278-5038-a1ab-9690d2098997', 5, 70, 0, 52.5, 402.5),
  ('7a63c04d-f84e-5509-a957-9aa2eb9d5c92', '52b28ce4-e4de-5ae3-9fb6-318c352e8cf4', '40d88f5b-9c50-5a1f-a77e-4e3c02924b22', 1, 5600, 280, 798, 6118),
  ('f0b5e66e-93b9-5d5d-8d75-c5b2943ecd8e', '52b28ce4-e4de-5ae3-9fb6-318c352e8cf4', 'cbc8ed1c-391f-5065-b826-1416234eaf6b', 11, 850, 467.5, 1332.38, 10214.88),
  ('82835839-5c74-5b57-a18a-2cdc146c9d16', 'f64f41d7-85d8-50aa-875c-c01b6b514dcc', '8f897588-2a29-5aec-a99b-36b1a1c9e4b9', 14, 590, 0, 1239, 9499),
  ('a9ff6209-859d-51af-b989-cbe83aa262b3', 'f64f41d7-85d8-50aa-875c-c01b6b514dcc', '900a9384-f545-5dae-90a2-00ed3e967313', 14, 220, 154, 438.9, 3364.9),
  ('145d78c1-5450-5d86-9e0c-2d954821a5d1', 'f64f41d7-85d8-50aa-875c-c01b6b514dcc', 'b365f28b-998d-5328-9b15-b23db84c45e0', 9, 90, 56.7, 112.99, 866.29),
  ('f523fe2b-9c35-57a0-88f3-172033a0ff22', 'f64f41d7-85d8-50aa-875c-c01b6b514dcc', 'f0859cfd-faa2-548a-b5f3-679c84b09d6d', 3, 9800, 2058, 4101.3, 31443.3),
  ('25ec2777-8462-5b86-ba30-25f4a9f95f75', 'f64f41d7-85d8-50aa-875c-c01b6b514dcc', 'bb6e85c8-8aea-5399-b9e0-496e5592720e', 5, 650, 227.5, 453.38, 3475.88),
  ('733b708b-9d84-5ba9-9097-29c42ca5f917', '890d020a-51f2-5a77-b2d4-941447d7d120', 'bb893776-1a3a-52be-9132-8e87e0a3c7bd', 8, 690, 386.4, 770.04, 5903.64),
  ('5e6638bf-30e9-54ec-9a07-f631e0a45a79', '890d020a-51f2-5a77-b2d4-941447d7d120', '3b72d6b1-a06b-5e4a-ada3-459f04ffb752', 2, 1250, 0, 375, 2875),
  ('b45e1fe4-a03f-5854-919b-246899b92480', '890d020a-51f2-5a77-b2d4-941447d7d120', 'a34c22f9-4a24-5d68-bbc1-a1899a0f239a', 17, 220, 187, 532.95, 4085.95),
  ('0d7bd44e-134f-5315-ad93-9569048e1304', '890d020a-51f2-5a77-b2d4-941447d7d120', 'dbeed0d9-9475-5f94-8b36-97f64273ef4e', 3, 2400, 504, 1004.4, 7700.4),
  ('7689f80e-78d8-5e01-9367-31410c7c55f2', '890d020a-51f2-5a77-b2d4-941447d7d120', 'b899a830-638a-57f3-9796-42cb41d97f3f', 20, 360, 0, 1080, 8280),
  ('23ea840e-660b-5e26-ac0d-03c2966b1f26', 'd31ca1c0-f55e-5730-926d-2c50816da704', '43c26253-7835-5a40-855b-85b534b4581b', 13, 240, 0, 468, 3588),
  ('61ffa367-ae2a-5811-8419-75c86f253850', 'd31ca1c0-f55e-5730-926d-2c50816da704', '51b7a423-d661-5a08-b199-aeb4bc76320b', 10, 290, 0, 435, 3335),
  ('6f12b182-a11e-5d25-a442-96e450e345dd', 'd31ca1c0-f55e-5730-926d-2c50816da704', 'e6dded17-80f2-5cfe-b098-375fbdf00f32', 13, 330, 214.5, 611.32, 4686.82),
  ('9ef2ac74-f648-5f43-a168-e0d6f8d131aa', 'd31ca1c0-f55e-5730-926d-2c50816da704', '599a01f0-db2c-5a1f-983a-af3c8f5143c6', 3, 1250, 0, 562.5, 4312.5),
  ('8b45859f-1830-58f0-bafc-fb442323b900', 'd31ca1c0-f55e-5730-926d-2c50816da704', 'ddd85847-7ca7-5b08-8c97-ee468cda33ef', 9, 300, 189, 376.65, 2887.65);
INSERT INTO sales_returns (id, return_number, invoice_id, customer_id, warehouse_id, subtotal, tax, total, refund_method, note, created_by, created_at) VALUES
  ('30ff21de-efcc-5e8b-94c2-97ac6e474bd4', 'SRN-0001', '8af1676c-cab7-5ce5-8e64-76d33cd5ebcd', 'd1c1e62e-20b0-55e6-8630-cd4167a64c0a', 'b740ad4e-34c3-5e42-aca8-6add4d667371', 2400, 360, 2760, 'cash', 'Customer changed mind', 'ac5f3bcb-7bed-546b-83d3-01d9752940f8', '2026-07-05T14:51:00+00:00');
INSERT INTO sales_return_items (id, return_id, product_id, quantity, unit_price, tax, total) VALUES
  ('d68b2147-571b-59c9-a546-3ee126e2040d', '30ff21de-efcc-5e8b-94c2-97ac6e474bd4', '001903a3-52ab-51ce-a397-c6e698e69a13', 3, 520, 234, 1794),
  ('e9828516-74d0-5cbb-a2c7-b2650243dd12', '30ff21de-efcc-5e8b-94c2-97ac6e474bd4', 'c14e3195-5f79-5430-9de7-333e4baadfd3', 7, 120, 126, 966);
INSERT INTO inventory (id, product_id, warehouse_id, quantity, updated_at) VALUES
  ('ce085bb9-1663-5bf2-a561-53da8f068d6b', '001903a3-52ab-51ce-a397-c6e698e69a13', 'b740ad4e-34c3-5e42-aca8-6add4d667371', 71, '2026-07-06T01:41:00+00:00'),
  ('daf45687-4a7b-56af-bba5-107f7e314add', '001903a3-52ab-51ce-a397-c6e698e69a13', 'e2e84f67-db8d-56b1-a80e-2256351c0dbc', 17, '2026-07-06T05:01:00+00:00'),
  ('b4e5031e-c9cd-5893-b0d6-269a2f92dd1c', '2d180117-9227-5e31-8c49-4df0e71237bf', 'b740ad4e-34c3-5e42-aca8-6add4d667371', 187, '2026-07-06T01:42:00+00:00'),
  ('4b5f0282-01de-5485-a1d8-2edb22a114ae', '2d180117-9227-5e31-8c49-4df0e71237bf', 'e2e84f67-db8d-56b1-a80e-2256351c0dbc', 8, '2026-07-06T05:02:00+00:00'),
  ('ba2080d9-9e4b-51be-93e6-88cabe83955b', '1c08db00-4360-5c93-8599-0a3bd8cd1d3b', 'b740ad4e-34c3-5e42-aca8-6add4d667371', 84, '2026-07-06T01:43:00+00:00'),
  ('dbdb1e39-f152-5fdb-8a22-b1fc1fcea46f', '1c08db00-4360-5c93-8599-0a3bd8cd1d3b', 'e2e84f67-db8d-56b1-a80e-2256351c0dbc', 12, '2026-07-06T05:03:00+00:00'),
  ('2faa671f-200e-5706-b381-2f3d9999074c', '8f897588-2a29-5aec-a99b-36b1a1c9e4b9', 'b740ad4e-34c3-5e42-aca8-6add4d667371', 86, '2026-07-06T01:44:00+00:00'),
  ('d1d4667a-d340-5f8a-83db-9fcc13b7db05', '8f897588-2a29-5aec-a99b-36b1a1c9e4b9', 'e2e84f67-db8d-56b1-a80e-2256351c0dbc', 7, '2026-07-06T05:04:00+00:00'),
  ('aba71e44-71d0-54e9-a3e9-56a666087f0a', 'bb893776-1a3a-52be-9132-8e87e0a3c7bd', 'b740ad4e-34c3-5e42-aca8-6add4d667371', 47, '2026-07-06T01:45:00+00:00'),
  ('cecfc073-04b4-525e-9e30-12c1eb5405a5', 'bb893776-1a3a-52be-9132-8e87e0a3c7bd', 'e2e84f67-db8d-56b1-a80e-2256351c0dbc', 15, '2026-07-06T05:05:00+00:00'),
  ('d3411eb5-83ff-5f50-894f-8a3eafb1e107', '43c26253-7835-5a40-855b-85b534b4581b', 'b740ad4e-34c3-5e42-aca8-6add4d667371', 83, '2026-07-06T01:46:00+00:00'),
  ('98328f5c-635a-5f3d-acf1-5d2fc6f16854', '43c26253-7835-5a40-855b-85b534b4581b', 'e2e84f67-db8d-56b1-a80e-2256351c0dbc', 24, '2026-07-06T05:06:00+00:00'),
  ('310385fa-3548-5b9e-8b59-f427b6103bf4', 'c14e3195-5f79-5430-9de7-333e4baadfd3', 'b740ad4e-34c3-5e42-aca8-6add4d667371', 248, '2026-07-06T01:47:00+00:00'),
  ('b6b8ca3e-f907-5f46-9bb2-1d571c1e3508', 'c14e3195-5f79-5430-9de7-333e4baadfd3', 'e2e84f67-db8d-56b1-a80e-2256351c0dbc', 14, '2026-07-06T05:07:00+00:00'),
  ('2d404fb9-6ef7-5a99-8bd7-784aa41dd922', '7e858d3b-02ef-533a-affe-e98253f29fa9', 'b740ad4e-34c3-5e42-aca8-6add4d667371', 356, '2026-07-06T01:48:00+00:00'),
  ('2cfc4540-d73f-5f22-8fb5-eac78cff54cc', '7e858d3b-02ef-533a-affe-e98253f29fa9', 'e2e84f67-db8d-56b1-a80e-2256351c0dbc', 80, '2026-07-06T05:08:00+00:00'),
  ('6bbc6834-8556-5bae-be3b-e7161f5fd87c', '8483aedc-5ccf-52f8-8b66-dd78b76e048c', 'b740ad4e-34c3-5e42-aca8-6add4d667371', 231, '2026-07-06T01:49:00+00:00'),
  ('16facbb4-f038-5191-9593-b11db7b4361f', '8483aedc-5ccf-52f8-8b66-dd78b76e048c', 'e2e84f67-db8d-56b1-a80e-2256351c0dbc', 54, '2026-07-06T05:09:00+00:00'),
  ('2a6f02f3-022b-59d5-974f-79598bfad772', '900a9384-f545-5dae-90a2-00ed3e967313', 'b740ad4e-34c3-5e42-aca8-6add4d667371', 425, '2026-07-06T01:50:00+00:00'),
  ('a9095999-b722-5df7-bd29-2e47af6cba3d', '900a9384-f545-5dae-90a2-00ed3e967313', 'e2e84f67-db8d-56b1-a80e-2256351c0dbc', 4, '2026-07-06T05:10:00+00:00'),
  ('7c8a1f42-fc59-54f9-92b1-773fa024df5f', '3b72d6b1-a06b-5e4a-ada3-459f04ffb752', 'b740ad4e-34c3-5e42-aca8-6add4d667371', 79, '2026-07-06T01:51:00+00:00'),
  ('63beb5f1-0331-52be-bc2d-9e108fbc33b3', '3b72d6b1-a06b-5e4a-ada3-459f04ffb752', 'e2e84f67-db8d-56b1-a80e-2256351c0dbc', 12, '2026-07-06T05:11:00+00:00'),
  ('7e7a6e01-a74f-5a97-881d-bc7df054e973', '51b7a423-d661-5a08-b199-aeb4bc76320b', 'b740ad4e-34c3-5e42-aca8-6add4d667371', 232, '2026-07-06T01:52:00+00:00'),
  ('59c25b2a-4147-5f74-9624-05f18beaef7b', '51b7a423-d661-5a08-b199-aeb4bc76320b', 'e2e84f67-db8d-56b1-a80e-2256351c0dbc', 29, '2026-07-06T05:12:00+00:00'),
  ('e8c06bf4-3d6f-53b7-9776-cd62cb528488', '2421c83d-a0e3-5e6e-8b9c-3cd9dffd2061', 'b740ad4e-34c3-5e42-aca8-6add4d667371', 791, '2026-07-06T01:53:00+00:00'),
  ('8981f25a-86ed-5ade-8ed4-16b3704b8c4e', '2421c83d-a0e3-5e6e-8b9c-3cd9dffd2061', 'e2e84f67-db8d-56b1-a80e-2256351c0dbc', 32, '2026-07-06T05:13:00+00:00'),
  ('19100759-5c01-57fc-bbdc-d146281195de', '9cc68a4d-6007-51ad-b549-587ddb8c49a9', 'b740ad4e-34c3-5e42-aca8-6add4d667371', 433, '2026-07-06T01:54:00+00:00'),
  ('56853bfd-fd42-5023-b38b-8de4f226e291', '9cc68a4d-6007-51ad-b549-587ddb8c49a9', 'e2e84f67-db8d-56b1-a80e-2256351c0dbc', 1, '2026-07-06T05:14:00+00:00'),
  ('17c5ecd5-6b45-5b22-bdea-3c1e50e25afe', '2a2c0fe7-01dc-5a53-9db1-180c9d8284da', 'b740ad4e-34c3-5e42-aca8-6add4d667371', 946, '2026-07-06T01:55:00+00:00'),
  ('0c7c954d-aabf-51db-a1ca-1051d7bd93b3', '2a2c0fe7-01dc-5a53-9db1-180c9d8284da', 'e2e84f67-db8d-56b1-a80e-2256351c0dbc', 92, '2026-07-06T05:15:00+00:00'),
  ('9fcaa301-9590-5455-9afc-7f9cb9c93286', 'b83f6109-1d99-5b6f-b936-b823220f4ae7', 'b740ad4e-34c3-5e42-aca8-6add4d667371', 89, '2026-07-06T01:56:00+00:00'),
  ('41bfc5c8-1e37-555b-9f86-2fb38d9863ab', 'b83f6109-1d99-5b6f-b936-b823220f4ae7', 'e2e84f67-db8d-56b1-a80e-2256351c0dbc', 21, '2026-07-06T05:16:00+00:00'),
  ('0b333c17-9605-52ea-a990-61136f39e2aa', '356ed32a-0278-5038-a1ab-9690d2098997', 'b740ad4e-34c3-5e42-aca8-6add4d667371', 799, '2026-07-06T01:57:00+00:00'),
  ('a34813c5-e6e1-5f44-9acd-fca17454cec1', '356ed32a-0278-5038-a1ab-9690d2098997', 'e2e84f67-db8d-56b1-a80e-2256351c0dbc', 96, '2026-07-06T05:17:00+00:00'),
  ('d2464f30-a76b-54e7-86b0-cd833148fedc', 'b365f28b-998d-5328-9b15-b23db84c45e0', 'b740ad4e-34c3-5e42-aca8-6add4d667371', 453, '2026-07-06T01:58:00+00:00'),
  ('54764632-3de8-51e8-9d16-da701812477c', 'b365f28b-998d-5328-9b15-b23db84c45e0', 'e2e84f67-db8d-56b1-a80e-2256351c0dbc', 82, '2026-07-06T05:18:00+00:00'),
  ('7146a6f0-e6f8-5f1e-805c-b665837e5f1d', 'a34c22f9-4a24-5d68-bbc1-a1899a0f239a', 'b740ad4e-34c3-5e42-aca8-6add4d667371', 274, '2026-07-06T01:59:00+00:00'),
  ('5d98452e-ace6-5213-8ace-dd1a03c2ce4a', 'a34c22f9-4a24-5d68-bbc1-a1899a0f239a', 'e2e84f67-db8d-56b1-a80e-2256351c0dbc', 7, '2026-07-06T05:19:00+00:00'),
  ('cb4c76cd-acb2-5c0e-86ae-0417746ef31d', 'e6dded17-80f2-5cfe-b098-375fbdf00f32', 'b740ad4e-34c3-5e42-aca8-6add4d667371', 155, '2026-07-06T02:00:00+00:00'),
  ('9d777f0e-b61f-5df7-80d1-1854147e3642', 'e6dded17-80f2-5cfe-b098-375fbdf00f32', 'e2e84f67-db8d-56b1-a80e-2256351c0dbc', 27, '2026-07-06T05:20:00+00:00'),
  ('68e762a1-b987-54af-8b31-d68233f7ad91', '7dee747f-7bf9-52a0-b159-f0a085fbd843', 'b740ad4e-34c3-5e42-aca8-6add4d667371', 361, '2026-07-06T02:01:00+00:00'),
  ('7ef6f0a7-8a93-5907-91c6-daf76c5c9860', '7dee747f-7bf9-52a0-b159-f0a085fbd843', 'e2e84f67-db8d-56b1-a80e-2256351c0dbc', 58, '2026-07-06T05:21:00+00:00'),
  ('199f1d0b-487f-5bbc-bf68-a3d950306d7a', '557f5c5d-c139-586c-886e-65ee2c3f03bb', 'b740ad4e-34c3-5e42-aca8-6add4d667371', 80, '2026-07-06T02:02:00+00:00'),
  ('c1bffaeb-80f8-52e0-876a-83dcf9317f78', '557f5c5d-c139-586c-886e-65ee2c3f03bb', 'e2e84f67-db8d-56b1-a80e-2256351c0dbc', 16, '2026-07-06T05:22:00+00:00'),
  ('cffc9833-8e80-58a7-8b87-1ad2da031620', '8478ad90-ea01-5165-80f3-dc36003b4344', 'b740ad4e-34c3-5e42-aca8-6add4d667371', 198, '2026-07-06T02:03:00+00:00'),
  ('055c5324-e545-5590-bd6f-ca7c9c5ec077', '8478ad90-ea01-5165-80f3-dc36003b4344', 'e2e84f67-db8d-56b1-a80e-2256351c0dbc', 11, '2026-07-06T05:23:00+00:00'),
  ('e840e34a-ba0a-59c3-86fa-d6eb7c8a52a2', '76d1fc85-3ba0-5ec5-bf8a-dbf4c14f57eb', 'b740ad4e-34c3-5e42-aca8-6add4d667371', 719, '2026-07-06T02:04:00+00:00'),
  ('9e3bdd06-5cea-5ae2-a290-f0981db0efde', '76d1fc85-3ba0-5ec5-bf8a-dbf4c14f57eb', 'e2e84f67-db8d-56b1-a80e-2256351c0dbc', 13, '2026-07-06T05:24:00+00:00'),
  ('1111318e-ac57-571b-9cba-7cf4c04d89cc', 'd1ce6f91-e4e8-5c41-a561-5fc754393bbe', 'b740ad4e-34c3-5e42-aca8-6add4d667371', 252, '2026-07-06T02:05:00+00:00'),
  ('75769ca3-396c-55f4-87ec-482ccefe3f3d', 'd1ce6f91-e4e8-5c41-a561-5fc754393bbe', 'e2e84f67-db8d-56b1-a80e-2256351c0dbc', 40, '2026-07-06T05:25:00+00:00'),
  ('5bcab101-c990-530d-a0bd-4df24f370193', '71c7156b-f6e5-5e3e-bbed-d559c6df31f8', 'b740ad4e-34c3-5e42-aca8-6add4d667371', 209, '2026-07-06T02:06:00+00:00'),
  ('bd5b0095-142f-5f75-9ed6-8bf9aabb5462', '71c7156b-f6e5-5e3e-bbed-d559c6df31f8', 'e2e84f67-db8d-56b1-a80e-2256351c0dbc', 38, '2026-07-06T05:26:00+00:00'),
  ('daa78134-d86d-5976-a013-2ca008644eb6', '40d88f5b-9c50-5a1f-a77e-4e3c02924b22', 'b740ad4e-34c3-5e42-aca8-6add4d667371', 55, '2026-07-06T02:07:00+00:00'),
  ('9003adf0-2bf9-5882-a763-53f87c2f51d0', '40d88f5b-9c50-5a1f-a77e-4e3c02924b22', 'e2e84f67-db8d-56b1-a80e-2256351c0dbc', 4, '2026-07-06T05:27:00+00:00'),
  ('91bb5d58-f37e-5fe1-a2e0-5aa60d4db622', 'f0859cfd-faa2-548a-b5f3-679c84b09d6d', 'b740ad4e-34c3-5e42-aca8-6add4d667371', 53, '2026-07-06T02:08:00+00:00'),
  ('c6d90f3c-ac61-565b-b721-d44e521d2331', 'f0859cfd-faa2-548a-b5f3-679c84b09d6d', 'e2e84f67-db8d-56b1-a80e-2256351c0dbc', 5, '2026-07-06T05:28:00+00:00'),
  ('1b23c9c7-d2ba-57be-8b17-bf30b903dda2', 'dbeed0d9-9475-5f94-8b36-97f64273ef4e', 'b740ad4e-34c3-5e42-aca8-6add4d667371', 64, '2026-07-06T02:09:00+00:00'),
  ('11bd9d6b-b94a-5874-9b82-91f110ff6299', '599a01f0-db2c-5a1f-983a-af3c8f5143c6', 'b740ad4e-34c3-5e42-aca8-6add4d667371', 132, '2026-07-06T02:10:00+00:00'),
  ('951bde45-7402-5490-9447-a528496b06f5', '599a01f0-db2c-5a1f-983a-af3c8f5143c6', 'e2e84f67-db8d-56b1-a80e-2256351c0dbc', 15, '2026-07-06T05:30:00+00:00'),
  ('5f718fa8-8086-50e6-bd09-63e3f6439be3', '46efa8d0-b7e0-5ad1-a96c-27df5bf98c29', 'b740ad4e-34c3-5e42-aca8-6add4d667371', 31, '2026-07-06T02:11:00+00:00'),
  ('bf33162c-39ad-55fd-9101-b0935bf6749e', '46efa8d0-b7e0-5ad1-a96c-27df5bf98c29', 'e2e84f67-db8d-56b1-a80e-2256351c0dbc', 3, '2026-07-06T05:31:00+00:00'),
  ('b462ff26-1ab3-5d32-a450-f246ae3a4578', '199f2a3d-a6d8-522d-b412-468ec48760e7', 'b740ad4e-34c3-5e42-aca8-6add4d667371', 305, '2026-07-06T02:12:00+00:00'),
  ('61b7d586-5680-52a7-8d6b-1224ff4b6991', '199f2a3d-a6d8-522d-b412-468ec48760e7', 'e2e84f67-db8d-56b1-a80e-2256351c0dbc', 56, '2026-07-06T05:32:00+00:00'),
  ('a78b6da1-2514-5cb7-96ca-54a6539ce628', 'cbc8ed1c-391f-5065-b826-1416234eaf6b', 'b740ad4e-34c3-5e42-aca8-6add4d667371', 146, '2026-07-06T02:13:00+00:00'),
  ('96939269-2ce1-5e9a-af45-de9c1cf9b470', 'cbc8ed1c-391f-5065-b826-1416234eaf6b', 'e2e84f67-db8d-56b1-a80e-2256351c0dbc', 9, '2026-07-06T05:33:00+00:00'),
  ('dd741913-066a-5c5e-94c8-58a2ff7b725a', 'bb6e85c8-8aea-5399-b9e0-496e5592720e', 'b740ad4e-34c3-5e42-aca8-6add4d667371', 70, '2026-07-06T02:14:00+00:00'),
  ('e1bf2c93-fbee-5518-872d-a3fb834c88a5', 'bb6e85c8-8aea-5399-b9e0-496e5592720e', 'e2e84f67-db8d-56b1-a80e-2256351c0dbc', 1, '2026-07-06T05:34:00+00:00'),
  ('a77050e4-3b08-5b0b-bb8f-8657094b6bd0', 'b899a830-638a-57f3-9796-42cb41d97f3f', 'b740ad4e-34c3-5e42-aca8-6add4d667371', 131, '2026-07-06T02:15:00+00:00'),
  ('fca2b29c-3ec2-5e97-9170-c9509f38e791', 'b899a830-638a-57f3-9796-42cb41d97f3f', 'e2e84f67-db8d-56b1-a80e-2256351c0dbc', 5, '2026-07-06T05:35:00+00:00'),
  ('53363b3b-b326-5784-aec8-db90e533ce71', 'ddd85847-7ca7-5b08-8c97-ee468cda33ef', 'b740ad4e-34c3-5e42-aca8-6add4d667371', 101, '2026-07-06T02:16:00+00:00'),
  ('aaf4bbd5-cf87-56ea-bed0-4cb3614c180e', 'ddd85847-7ca7-5b08-8c97-ee468cda33ef', 'e2e84f67-db8d-56b1-a80e-2256351c0dbc', 31, '2026-07-06T05:36:00+00:00'),
  ('276bf06d-25d0-5a95-bc07-658ec2198919', '948f2163-30fa-5b1c-9570-8d5b95894c47', 'b740ad4e-34c3-5e42-aca8-6add4d667371', 250, '2026-07-06T02:17:00+00:00'),
  ('8fdf3383-3277-5a07-8652-9018f9f9cde2', '948f2163-30fa-5b1c-9570-8d5b95894c47', 'e2e84f67-db8d-56b1-a80e-2256351c0dbc', 68, '2026-07-06T05:37:00+00:00'),
  ('5d5de90c-56a0-568e-a40b-29026813b5b0', '6bbc71db-43dc-5949-a866-f798aeb3dfdd', 'b740ad4e-34c3-5e42-aca8-6add4d667371', 184, '2026-07-06T02:18:00+00:00'),
  ('070cabf9-a796-5c53-ae6b-fd692783e749', '6bbc71db-43dc-5949-a866-f798aeb3dfdd', 'e2e84f67-db8d-56b1-a80e-2256351c0dbc', 8, '2026-07-06T05:38:00+00:00'),
  ('ab18c5b9-d6a0-51ec-8d8e-e7f6c5ad65c4', 'aac70ad7-9b93-5768-ba67-180aef0fa9e9', 'b740ad4e-34c3-5e42-aca8-6add4d667371', 343, '2026-07-06T02:19:00+00:00'),
  ('90508af6-e602-58f5-a2ac-746603de8e10', 'aac70ad7-9b93-5768-ba67-180aef0fa9e9', 'e2e84f67-db8d-56b1-a80e-2256351c0dbc', 35, '2026-07-06T05:39:00+00:00'),
  ('40e9334d-aa99-51de-a641-866c931945b0', 'f555d0ee-7ea4-5058-a804-b053ab251cee', 'b740ad4e-34c3-5e42-aca8-6add4d667371', 174, '2026-07-06T02:20:00+00:00'),
  ('eef97abf-673b-5ec5-a568-35df58763ba0', 'f555d0ee-7ea4-5058-a804-b053ab251cee', 'e2e84f67-db8d-56b1-a80e-2256351c0dbc', 16, '2026-07-06T05:40:00+00:00'),
  ('78cc5aa1-a8fa-5db3-957f-ec5084940548', 'f17829fe-1d7c-576e-99a9-5e796790eee5', 'b740ad4e-34c3-5e42-aca8-6add4d667371', 215, '2026-07-06T02:21:00+00:00'),
  ('1719ea0b-d8b1-5754-a5bb-9aaa6e6118d6', 'f17829fe-1d7c-576e-99a9-5e796790eee5', 'e2e84f67-db8d-56b1-a80e-2256351c0dbc', 38, '2026-07-06T05:41:00+00:00'),
  ('631e43a9-72ab-54a1-9746-6f27fa09ffc4', '4dc79e42-00ac-565c-a8f8-d08919812cc1', 'b740ad4e-34c3-5e42-aca8-6add4d667371', 158, '2026-07-06T02:22:00+00:00'),
  ('0401d01f-30d0-522f-aab6-56b71ec01450', '4dc79e42-00ac-565c-a8f8-d08919812cc1', 'e2e84f67-db8d-56b1-a80e-2256351c0dbc', 6, '2026-07-06T05:42:00+00:00'),
  ('26b97212-6735-5477-9513-b67984606b04', 'c2e5a53a-9070-50c7-8416-67c91363818f', 'b740ad4e-34c3-5e42-aca8-6add4d667371', 385, '2026-07-06T02:23:00+00:00'),
  ('68bd252b-5f3e-54db-869b-3e444001dfb2', 'c2e5a53a-9070-50c7-8416-67c91363818f', 'e2e84f67-db8d-56b1-a80e-2256351c0dbc', 39, '2026-07-06T05:43:00+00:00'),
  ('61fbd084-1d91-538a-b4e7-20c630548388', '4ee0c6b2-744c-525f-84b4-73b12ed43fa9', 'b740ad4e-34c3-5e42-aca8-6add4d667371', 91, '2026-07-06T02:24:00+00:00'),
  ('98752f53-0868-5021-bf29-98583bd709d2', '4ee0c6b2-744c-525f-84b4-73b12ed43fa9', 'e2e84f67-db8d-56b1-a80e-2256351c0dbc', 20, '2026-07-06T05:44:00+00:00'),
  ('8d934934-b504-51cd-a3a3-85ceede62eea', '38e4f2c6-366e-564f-b940-f4487feab157', 'b740ad4e-34c3-5e42-aca8-6add4d667371', 77, '2026-07-06T02:25:00+00:00'),
  ('f3c28c15-4518-50e6-83a4-a3d45e48106f', '38e4f2c6-366e-564f-b940-f4487feab157', 'e2e84f67-db8d-56b1-a80e-2256351c0dbc', 14, '2026-07-06T05:45:00+00:00'),
  ('73f6507d-35df-5da1-ba1a-259ce961dde2', 'a8414d6f-afdd-5eeb-8eca-9670ab7f8898', 'b740ad4e-34c3-5e42-aca8-6add4d667371', 384, '2026-07-06T02:26:00+00:00'),
  ('9447b11f-921e-5d76-a175-906cd81a92aa', 'a8414d6f-afdd-5eeb-8eca-9670ab7f8898', 'e2e84f67-db8d-56b1-a80e-2256351c0dbc', 28, '2026-07-06T05:46:00+00:00'),
  ('2e5466c2-d742-58d2-98a2-ddf8d1482ed8', '5af34939-a4a6-50c6-b054-2a434b4543cb', 'b740ad4e-34c3-5e42-aca8-6add4d667371', 37, '2026-07-06T02:27:00+00:00'),
  ('3d78c34b-27a8-5982-a9b7-2c70b264094f', '5af34939-a4a6-50c6-b054-2a434b4543cb', 'e2e84f67-db8d-56b1-a80e-2256351c0dbc', 7, '2026-07-06T05:47:00+00:00'),
  ('3f8910b4-9dcb-5883-9ec0-8b103660f082', '17a154a4-56c0-570c-b747-01f84d08f8ed', 'b740ad4e-34c3-5e42-aca8-6add4d667371', 58, '2026-07-06T02:28:00+00:00'),
  ('bf88fc4d-6c98-5dc3-9b10-1219afc29660', '17a154a4-56c0-570c-b747-01f84d08f8ed', 'e2e84f67-db8d-56b1-a80e-2256351c0dbc', 2, '2026-07-06T05:48:00+00:00'),
  ('4d75ef54-660d-5b19-86b2-45d7ad8a5a6e', '0af2c63d-44de-5a31-95ab-b7efa44304ae', 'b740ad4e-34c3-5e42-aca8-6add4d667371', 51, '2026-07-06T02:29:00+00:00'),
  ('da31a0a1-0645-586c-a736-d6546780d069', '54efd525-350b-51a9-9d3a-fa6c809c41bb', 'b740ad4e-34c3-5e42-aca8-6add4d667371', 105, '2026-07-06T02:30:00+00:00'),
  ('42c83fc6-5b29-5fc8-bcfd-8620511e8fb5', '54efd525-350b-51a9-9d3a-fa6c809c41bb', 'e2e84f67-db8d-56b1-a80e-2256351c0dbc', 7, '2026-07-06T05:50:00+00:00'),
  ('a7e6e12c-8fdc-5044-9445-b0c0a7df7437', 'aed6fd5d-d840-57b5-9b9d-64d4d99955e8', 'b740ad4e-34c3-5e42-aca8-6add4d667371', 58, '2026-07-06T02:31:00+00:00'),
  ('7bbd5d37-bcf7-5056-b2aa-afacb229933b', '40d277de-2fc3-5a8c-916b-9dbe9751c65d', 'b740ad4e-34c3-5e42-aca8-6add4d667371', 34, '2026-07-06T02:32:00+00:00'),
  ('99e41c43-37c7-5288-9e10-13880b1ba94b', '40d277de-2fc3-5a8c-916b-9dbe9751c65d', 'e2e84f67-db8d-56b1-a80e-2256351c0dbc', 1, '2026-07-06T05:52:00+00:00'),
  ('743711ce-d81e-5941-93e6-f4e96eee929c', '8910f5a6-a647-522f-bc06-9bd818e72e14', 'b740ad4e-34c3-5e42-aca8-6add4d667371', 44, '2026-07-06T02:33:00+00:00'),
  ('bdf8a1d4-abcb-5467-b803-6a8d2efa609f', '8910f5a6-a647-522f-bc06-9bd818e72e14', 'e2e84f67-db8d-56b1-a80e-2256351c0dbc', 2, '2026-07-06T05:53:00+00:00'),
  ('5cef2a5b-d3fb-5059-8b0a-73fe1cb215de', '64de6c21-8a50-5003-8de9-54072b2f31cb', 'b740ad4e-34c3-5e42-aca8-6add4d667371', 32, '2026-07-06T02:34:00+00:00'),
  ('c2480b2b-9eb4-58d1-b41c-fd5aeb0362fa', '64de6c21-8a50-5003-8de9-54072b2f31cb', 'e2e84f67-db8d-56b1-a80e-2256351c0dbc', 10, '2026-07-06T05:54:00+00:00'),
  ('5127932d-539d-51e2-8154-bcb33b108feb', 'b4fe7b6f-ab0d-563b-a184-ac7cc5fd38cf', 'b740ad4e-34c3-5e42-aca8-6add4d667371', 34, '2026-07-06T02:35:00+00:00'),
  ('db9a4971-5ce0-5477-b2f5-f052746e5648', 'b4fe7b6f-ab0d-563b-a184-ac7cc5fd38cf', 'e2e84f67-db8d-56b1-a80e-2256351c0dbc', 7, '2026-07-06T05:55:00+00:00'),
  ('f8dede40-f731-5eee-be05-548f7ef9d49b', '4d9ca227-96c2-5000-b4d9-e51517159c00', 'b740ad4e-34c3-5e42-aca8-6add4d667371', 47, '2026-07-06T02:36:00+00:00'),
  ('b0a4a4d5-193a-5c19-8a40-39d5a0565439', '4d9ca227-96c2-5000-b4d9-e51517159c00', 'e2e84f67-db8d-56b1-a80e-2256351c0dbc', 15, '2026-07-06T05:56:00+00:00');
INSERT INTO product_batches (id, product_id, warehouse_id, batch_number, expiry_date, quantity, unit_cost, note, created_by, created_at, updated_at) VALUES
  ('c4620070-a910-5b3e-b5c3-f0dd9e4ddd79', '001903a3-52ab-51ce-a397-c6e698e69a13', 'b740ad4e-34c3-5e42-aca8-6add4d667371', 'B-0001-A', NULL, 71, 390, NULL, 'e9bea84a-7055-5574-873c-62869fd3801d', '2026-07-06T03:21:00+00:00', '2026-07-06T03:21:00+00:00'),
  ('b618ebb4-e7c8-5436-8505-65663ff1cefe', '001903a3-52ab-51ce-a397-c6e698e69a13', 'e2e84f67-db8d-56b1-a80e-2256351c0dbc', 'B-0001-B', NULL, 17, 390, 'Branch allocation', 'e9bea84a-7055-5574-873c-62869fd3801d', '2026-07-06T06:41:00+00:00', '2026-07-06T06:41:00+00:00'),
  ('72de39c3-d325-522c-8a13-8430dc2b4a0b', '2d180117-9227-5e31-8c49-4df0e71237bf', 'b740ad4e-34c3-5e42-aca8-6add4d667371', 'B-0002-A', NULL, 187, 260, NULL, 'e9bea84a-7055-5574-873c-62869fd3801d', '2026-07-06T03:22:00+00:00', '2026-07-06T03:22:00+00:00'),
  ('725550d1-e03d-5cb6-82ed-f5363a688b69', '2d180117-9227-5e31-8c49-4df0e71237bf', 'e2e84f67-db8d-56b1-a80e-2256351c0dbc', 'B-0002-B', NULL, 8, 260, 'Branch allocation', 'e9bea84a-7055-5574-873c-62869fd3801d', '2026-07-06T06:42:00+00:00', '2026-07-06T06:42:00+00:00'),
  ('4efc70b5-10f0-5630-9ba5-3a0f1878b81a', '1c08db00-4360-5c93-8599-0a3bd8cd1d3b', 'b740ad4e-34c3-5e42-aca8-6add4d667371', 'B-0003-A', NULL, 84, 760, NULL, 'e9bea84a-7055-5574-873c-62869fd3801d', '2026-07-06T03:23:00+00:00', '2026-07-06T03:23:00+00:00'),
  ('6bcbda30-96f3-57e6-b8fa-afd9258f5240', '1c08db00-4360-5c93-8599-0a3bd8cd1d3b', 'e2e84f67-db8d-56b1-a80e-2256351c0dbc', 'B-0003-B', NULL, 12, 760, 'Branch allocation', 'e9bea84a-7055-5574-873c-62869fd3801d', '2026-07-06T06:43:00+00:00', '2026-07-06T06:43:00+00:00'),
  ('00224806-4083-57ac-8e33-49073382b208', '8f897588-2a29-5aec-a99b-36b1a1c9e4b9', 'b740ad4e-34c3-5e42-aca8-6add4d667371', 'B-0004-A', NULL, 86, 430, NULL, 'e9bea84a-7055-5574-873c-62869fd3801d', '2026-07-06T03:24:00+00:00', '2026-07-06T03:24:00+00:00'),
  ('c2bc0438-e188-5646-85e0-22bbedba509f', '8f897588-2a29-5aec-a99b-36b1a1c9e4b9', 'e2e84f67-db8d-56b1-a80e-2256351c0dbc', 'B-0004-B', NULL, 7, 430, 'Branch allocation', 'e9bea84a-7055-5574-873c-62869fd3801d', '2026-07-06T06:44:00+00:00', '2026-07-06T06:44:00+00:00'),
  ('95a916d6-8832-561a-9272-afd20607dda7', 'bb893776-1a3a-52be-9132-8e87e0a3c7bd', 'b740ad4e-34c3-5e42-aca8-6add4d667371', 'B-0005-A', NULL, 47, 520, NULL, 'e9bea84a-7055-5574-873c-62869fd3801d', '2026-07-06T03:25:00+00:00', '2026-07-06T03:25:00+00:00'),
  ('b00c5fca-98a3-5a80-8c02-c03fba3c5bdb', 'bb893776-1a3a-52be-9132-8e87e0a3c7bd', 'e2e84f67-db8d-56b1-a80e-2256351c0dbc', 'B-0005-B', NULL, 15, 520, 'Branch allocation', 'e9bea84a-7055-5574-873c-62869fd3801d', '2026-07-06T06:45:00+00:00', '2026-07-06T06:45:00+00:00'),
  ('7bf48f54-7718-5fa2-bbb3-0735948f2a99', '43c26253-7835-5a40-855b-85b534b4581b', 'b740ad4e-34c3-5e42-aca8-6add4d667371', 'B-0006-A', NULL, 83, 180, NULL, 'e9bea84a-7055-5574-873c-62869fd3801d', '2026-07-06T03:26:00+00:00', '2026-07-06T03:26:00+00:00'),
  ('9acb818f-f0be-53fd-bc7a-3532e7dc3817', '43c26253-7835-5a40-855b-85b534b4581b', 'e2e84f67-db8d-56b1-a80e-2256351c0dbc', 'B-0006-B', NULL, 24, 180, 'Branch allocation', 'e9bea84a-7055-5574-873c-62869fd3801d', '2026-07-06T06:46:00+00:00', '2026-07-06T06:46:00+00:00'),
  ('32e6a0ac-fe3f-547c-be95-b548d8178920', 'c14e3195-5f79-5430-9de7-333e4baadfd3', 'b740ad4e-34c3-5e42-aca8-6add4d667371', 'B-0007-A', NULL, 248, 85, NULL, 'e9bea84a-7055-5574-873c-62869fd3801d', '2026-07-06T03:27:00+00:00', '2026-07-06T03:27:00+00:00'),
  ('e330602c-c613-5588-87ed-15fab68d189c', 'c14e3195-5f79-5430-9de7-333e4baadfd3', 'e2e84f67-db8d-56b1-a80e-2256351c0dbc', 'B-0007-B', NULL, 14, 85, 'Branch allocation', 'e9bea84a-7055-5574-873c-62869fd3801d', '2026-07-06T06:47:00+00:00', '2026-07-06T06:47:00+00:00'),
  ('545f1286-bff4-52bd-894a-7469c4c92032', '7e858d3b-02ef-533a-affe-e98253f29fa9', 'b740ad4e-34c3-5e42-aca8-6add4d667371', 'B-0008-A', NULL, 356, 85, NULL, 'e9bea84a-7055-5574-873c-62869fd3801d', '2026-07-06T03:28:00+00:00', '2026-07-06T03:28:00+00:00'),
  ('a362fadb-d4d7-5a21-9a45-652d4d5463e2', '7e858d3b-02ef-533a-affe-e98253f29fa9', 'e2e84f67-db8d-56b1-a80e-2256351c0dbc', 'B-0008-B', NULL, 80, 85, 'Branch allocation', 'e9bea84a-7055-5574-873c-62869fd3801d', '2026-07-06T06:48:00+00:00', '2026-07-06T06:48:00+00:00'),
  ('49071bc6-c6b3-5845-b16c-0351aabbe416', '8483aedc-5ccf-52f8-8b66-dd78b76e048c', 'b740ad4e-34c3-5e42-aca8-6add4d667371', 'B-0009-A', NULL, 231, 110, NULL, 'e9bea84a-7055-5574-873c-62869fd3801d', '2026-07-06T03:29:00+00:00', '2026-07-06T03:29:00+00:00'),
  ('bf508b0f-55b6-5378-b4f5-31165939d436', '8483aedc-5ccf-52f8-8b66-dd78b76e048c', 'e2e84f67-db8d-56b1-a80e-2256351c0dbc', 'B-0009-B', NULL, 54, 110, 'Branch allocation', 'e9bea84a-7055-5574-873c-62869fd3801d', '2026-07-06T06:49:00+00:00', '2026-07-06T06:49:00+00:00'),
  ('b0849e65-52ff-5ba5-bc21-38c4f247fec6', '900a9384-f545-5dae-90a2-00ed3e967313', 'b740ad4e-34c3-5e42-aca8-6add4d667371', 'B-0010-A', NULL, 425, 160, NULL, 'e9bea84a-7055-5574-873c-62869fd3801d', '2026-07-06T03:30:00+00:00', '2026-07-06T03:30:00+00:00'),
  ('76e23f55-7bbc-513b-b62d-d96348406a7f', '900a9384-f545-5dae-90a2-00ed3e967313', 'e2e84f67-db8d-56b1-a80e-2256351c0dbc', 'B-0010-B', NULL, 4, 160, 'Branch allocation', 'e9bea84a-7055-5574-873c-62869fd3801d', '2026-07-06T06:50:00+00:00', '2026-07-06T06:50:00+00:00'),
  ('aa41cadc-963b-5e33-b9e7-cb8a4cfb8eb9', '3b72d6b1-a06b-5e4a-ada3-459f04ffb752', 'b740ad4e-34c3-5e42-aca8-6add4d667371', 'B-0011-A', NULL, 79, 950, NULL, 'e9bea84a-7055-5574-873c-62869fd3801d', '2026-07-06T03:31:00+00:00', '2026-07-06T03:31:00+00:00'),
  ('43a38853-7cd2-56b5-919a-b48d4bfdd7f7', '3b72d6b1-a06b-5e4a-ada3-459f04ffb752', 'e2e84f67-db8d-56b1-a80e-2256351c0dbc', 'B-0011-B', NULL, 12, 950, 'Branch allocation', 'e9bea84a-7055-5574-873c-62869fd3801d', '2026-07-06T06:51:00+00:00', '2026-07-06T06:51:00+00:00'),
  ('b8642cb1-3ea5-5497-8c54-2c90f4bf3710', '51b7a423-d661-5a08-b199-aeb4bc76320b', 'b740ad4e-34c3-5e42-aca8-6add4d667371', 'B-0012-A', NULL, 232, 210, NULL, 'e9bea84a-7055-5574-873c-62869fd3801d', '2026-07-06T03:32:00+00:00', '2026-07-06T03:32:00+00:00'),
  ('22470ec7-6499-54bd-8335-d113ae59ef03', '51b7a423-d661-5a08-b199-aeb4bc76320b', 'e2e84f67-db8d-56b1-a80e-2256351c0dbc', 'B-0012-B', NULL, 29, 210, 'Branch allocation', 'e9bea84a-7055-5574-873c-62869fd3801d', '2026-07-06T06:52:00+00:00', '2026-07-06T06:52:00+00:00'),
  ('893a8f09-056b-5393-9591-5b0787110aec', '2421c83d-a0e3-5e6e-8b9c-3cd9dffd2061', 'b740ad4e-34c3-5e42-aca8-6add4d667371', 'B-0013-A', NULL, 791, 70, NULL, 'e9bea84a-7055-5574-873c-62869fd3801d', '2026-07-06T03:33:00+00:00', '2026-07-06T03:33:00+00:00'),
  ('67e86ccd-8e4a-5fdd-ae96-60831407648e', '2421c83d-a0e3-5e6e-8b9c-3cd9dffd2061', 'e2e84f67-db8d-56b1-a80e-2256351c0dbc', 'B-0013-B', NULL, 32, 70, 'Branch allocation', 'e9bea84a-7055-5574-873c-62869fd3801d', '2026-07-06T06:53:00+00:00', '2026-07-06T06:53:00+00:00'),
  ('b78dbbba-8bc6-57de-98db-c5cb1bfd8bb2', '9cc68a4d-6007-51ad-b549-587ddb8c49a9', 'b740ad4e-34c3-5e42-aca8-6add4d667371', 'B-0014-A', NULL, 433, 95, NULL, 'e9bea84a-7055-5574-873c-62869fd3801d', '2026-07-06T03:34:00+00:00', '2026-07-06T03:34:00+00:00'),
  ('d4754e81-b940-51bf-928c-34edba3f9f17', '9cc68a4d-6007-51ad-b549-587ddb8c49a9', 'e2e84f67-db8d-56b1-a80e-2256351c0dbc', 'B-0014-B', NULL, 1, 95, 'Branch allocation', 'e9bea84a-7055-5574-873c-62869fd3801d', '2026-07-06T06:54:00+00:00', '2026-07-06T06:54:00+00:00'),
  ('bf73a354-6406-5e38-8123-4c641e66efd2', '2a2c0fe7-01dc-5a53-9db1-180c9d8284da', 'b740ad4e-34c3-5e42-aca8-6add4d667371', 'B-0015-A', NULL, 946, 55, NULL, 'e9bea84a-7055-5574-873c-62869fd3801d', '2026-07-06T03:35:00+00:00', '2026-07-06T03:35:00+00:00'),
  ('ffb01020-6b97-5f33-b4ff-2c903e12e372', '2a2c0fe7-01dc-5a53-9db1-180c9d8284da', 'e2e84f67-db8d-56b1-a80e-2256351c0dbc', 'B-0015-B', NULL, 92, 55, 'Branch allocation', 'e9bea84a-7055-5574-873c-62869fd3801d', '2026-07-06T06:55:00+00:00', '2026-07-06T06:55:00+00:00'),
  ('a183bb9c-6817-5fff-ad74-f710974dbdb4', 'b83f6109-1d99-5b6f-b936-b823220f4ae7', 'b740ad4e-34c3-5e42-aca8-6add4d667371', 'B-0016-A', NULL, 89, 480, NULL, 'e9bea84a-7055-5574-873c-62869fd3801d', '2026-07-06T03:36:00+00:00', '2026-07-06T03:36:00+00:00'),
  ('44e4761c-c73a-579c-8312-c2466d25895c', 'b83f6109-1d99-5b6f-b936-b823220f4ae7', 'e2e84f67-db8d-56b1-a80e-2256351c0dbc', 'B-0016-B', NULL, 21, 480, 'Branch allocation', 'e9bea84a-7055-5574-873c-62869fd3801d', '2026-07-06T06:56:00+00:00', '2026-07-06T06:56:00+00:00'),
  ('091eae9e-acb5-5dda-b157-bf68de1478cd', '356ed32a-0278-5038-a1ab-9690d2098997', 'b740ad4e-34c3-5e42-aca8-6add4d667371', 'B-0017-A', NULL, 799, 50, NULL, 'e9bea84a-7055-5574-873c-62869fd3801d', '2026-07-06T03:37:00+00:00', '2026-07-06T03:37:00+00:00'),
  ('6258e3fb-d4a4-5399-aa4d-a7d5ec6752e7', '356ed32a-0278-5038-a1ab-9690d2098997', 'e2e84f67-db8d-56b1-a80e-2256351c0dbc', 'B-0017-B', NULL, 96, 50, 'Branch allocation', 'e9bea84a-7055-5574-873c-62869fd3801d', '2026-07-06T06:57:00+00:00', '2026-07-06T06:57:00+00:00'),
  ('ea734356-a2a7-52c0-aaac-ea2a761a5d8f', 'b365f28b-998d-5328-9b15-b23db84c45e0', 'b740ad4e-34c3-5e42-aca8-6add4d667371', 'B-0018-A', NULL, 453, 65, NULL, 'e9bea84a-7055-5574-873c-62869fd3801d', '2026-07-06T03:38:00+00:00', '2026-07-06T03:38:00+00:00'),
  ('a10903b0-4915-50b7-93d8-ea56c0f95cf1', 'b365f28b-998d-5328-9b15-b23db84c45e0', 'e2e84f67-db8d-56b1-a80e-2256351c0dbc', 'B-0018-B', NULL, 82, 65, 'Branch allocation', 'e9bea84a-7055-5574-873c-62869fd3801d', '2026-07-06T06:58:00+00:00', '2026-07-06T06:58:00+00:00'),
  ('ee4b560e-52fd-5eed-894e-ccc4e7162636', 'a34c22f9-4a24-5d68-bbc1-a1899a0f239a', 'b740ad4e-34c3-5e42-aca8-6add4d667371', 'B-0019-A', NULL, 274, 160, NULL, 'e9bea84a-7055-5574-873c-62869fd3801d', '2026-07-06T03:39:00+00:00', '2026-07-06T03:39:00+00:00'),
  ('b0c521b8-1511-5b13-a0ce-c303d053eeec', 'a34c22f9-4a24-5d68-bbc1-a1899a0f239a', 'e2e84f67-db8d-56b1-a80e-2256351c0dbc', 'B-0019-B', NULL, 7, 160, 'Branch allocation', 'e9bea84a-7055-5574-873c-62869fd3801d', '2026-07-06T06:59:00+00:00', '2026-07-06T06:59:00+00:00'),
  ('6891a760-e477-5633-8209-3973aa8a3a5d', 'e6dded17-80f2-5cfe-b098-375fbdf00f32', 'b740ad4e-34c3-5e42-aca8-6add4d667371', 'B-0020-A', NULL, 155, 240, NULL, 'e9bea84a-7055-5574-873c-62869fd3801d', '2026-07-06T03:40:00+00:00', '2026-07-06T03:40:00+00:00'),
  ('acbfbd0c-5819-5036-9f9f-0ec59991e1c5', 'e6dded17-80f2-5cfe-b098-375fbdf00f32', 'e2e84f67-db8d-56b1-a80e-2256351c0dbc', 'B-0020-B', NULL, 27, 240, 'Branch allocation', 'e9bea84a-7055-5574-873c-62869fd3801d', '2026-07-06T07:00:00+00:00', '2026-07-06T07:00:00+00:00'),
  ('a89be244-38a6-5608-97eb-82ea5200f2c5', '7dee747f-7bf9-52a0-b159-f0a085fbd843', 'b740ad4e-34c3-5e42-aca8-6add4d667371', 'B-0021-A', NULL, 361, 50, NULL, 'e9bea84a-7055-5574-873c-62869fd3801d', '2026-07-06T03:41:00+00:00', '2026-07-06T03:41:00+00:00'),
  ('7e876980-c02c-51e0-a46d-434807473317', '7dee747f-7bf9-52a0-b159-f0a085fbd843', 'e2e84f67-db8d-56b1-a80e-2256351c0dbc', 'B-0021-B', NULL, 58, 50, 'Branch allocation', 'e9bea84a-7055-5574-873c-62869fd3801d', '2026-07-06T07:01:00+00:00', '2026-07-06T07:01:00+00:00'),
  ('5f8ee758-8c44-5eea-9e5f-a8dece3897d6', '557f5c5d-c139-586c-886e-65ee2c3f03bb', 'b740ad4e-34c3-5e42-aca8-6add4d667371', 'B-0022-A', NULL, 80, 320, NULL, 'e9bea84a-7055-5574-873c-62869fd3801d', '2026-07-06T03:42:00+00:00', '2026-07-06T03:42:00+00:00'),
  ('4e1f96bf-945f-528a-bf9d-72c0d7b8bb79', '557f5c5d-c139-586c-886e-65ee2c3f03bb', 'e2e84f67-db8d-56b1-a80e-2256351c0dbc', 'B-0022-B', NULL, 16, 320, 'Branch allocation', 'e9bea84a-7055-5574-873c-62869fd3801d', '2026-07-06T07:02:00+00:00', '2026-07-06T07:02:00+00:00'),
  ('c0f581bd-8e06-5947-b477-3db22363982c', '8478ad90-ea01-5165-80f3-dc36003b4344', 'b740ad4e-34c3-5e42-aca8-6add4d667371', 'B-0023-A', NULL, 198, 280, NULL, 'e9bea84a-7055-5574-873c-62869fd3801d', '2026-07-06T03:43:00+00:00', '2026-07-06T03:43:00+00:00'),
  ('9fc1bfe5-8011-56db-a2de-2fd71a9ddbab', '8478ad90-ea01-5165-80f3-dc36003b4344', 'e2e84f67-db8d-56b1-a80e-2256351c0dbc', 'B-0023-B', NULL, 11, 280, 'Branch allocation', 'e9bea84a-7055-5574-873c-62869fd3801d', '2026-07-06T07:03:00+00:00', '2026-07-06T07:03:00+00:00'),
  ('3ead273a-c5b9-542c-b0f7-d1c964adada4', '76d1fc85-3ba0-5ec5-bf8a-dbf4c14f57eb', 'b740ad4e-34c3-5e42-aca8-6add4d667371', 'B-0024-A', '2027-12-31', 719, 75, NULL, 'e9bea84a-7055-5574-873c-62869fd3801d', '2026-07-06T03:44:00+00:00', '2026-07-06T03:44:00+00:00'),
  ('567ce066-4014-5acf-8048-994931e8e06c', '76d1fc85-3ba0-5ec5-bf8a-dbf4c14f57eb', 'e2e84f67-db8d-56b1-a80e-2256351c0dbc', 'B-0024-B', '2027-12-31', 13, 75, 'Branch allocation', 'e9bea84a-7055-5574-873c-62869fd3801d', '2026-07-06T07:04:00+00:00', '2026-07-06T07:04:00+00:00'),
  ('ad4e6caa-e059-5d3a-bd48-bedb7347263d', 'd1ce6f91-e4e8-5c41-a561-5fc754393bbe', 'b740ad4e-34c3-5e42-aca8-6add4d667371', 'B-0025-A', '2027-12-31', 252, 120, NULL, 'e9bea84a-7055-5574-873c-62869fd3801d', '2026-07-06T03:45:00+00:00', '2026-07-06T03:45:00+00:00'),
  ('e7b73641-bc15-5ef8-b4af-caa876a87f1f', 'd1ce6f91-e4e8-5c41-a561-5fc754393bbe', 'e2e84f67-db8d-56b1-a80e-2256351c0dbc', 'B-0025-B', '2027-12-31', 40, 120, 'Branch allocation', 'e9bea84a-7055-5574-873c-62869fd3801d', '2026-07-06T07:05:00+00:00', '2026-07-06T07:05:00+00:00'),
  ('f0ab09e6-1b32-5c29-b9d8-d82a96f794f8', '71c7156b-f6e5-5e3e-bbed-d559c6df31f8', 'b740ad4e-34c3-5e42-aca8-6add4d667371', 'B-0026-A', NULL, 209, 300, NULL, 'e9bea84a-7055-5574-873c-62869fd3801d', '2026-07-06T03:46:00+00:00', '2026-07-06T03:46:00+00:00'),
  ('0ccf0a5e-381b-566a-aaa0-399720177c54', '71c7156b-f6e5-5e3e-bbed-d559c6df31f8', 'e2e84f67-db8d-56b1-a80e-2256351c0dbc', 'B-0026-B', NULL, 38, 300, 'Branch allocation', 'e9bea84a-7055-5574-873c-62869fd3801d', '2026-07-06T07:06:00+00:00', '2026-07-06T07:06:00+00:00'),
  ('b4d1dc4a-263e-584c-9823-7f9438f2464a', '40d88f5b-9c50-5a1f-a77e-4e3c02924b22', 'b740ad4e-34c3-5e42-aca8-6add4d667371', 'B-0027-A', NULL, 55, 4200, NULL, 'e9bea84a-7055-5574-873c-62869fd3801d', '2026-07-06T03:47:00+00:00', '2026-07-06T03:47:00+00:00'),
  ('4be79e86-ad36-5228-a9fc-fbdbfb4e61f1', '40d88f5b-9c50-5a1f-a77e-4e3c02924b22', 'e2e84f67-db8d-56b1-a80e-2256351c0dbc', 'B-0027-B', NULL, 4, 4200, 'Branch allocation', 'e9bea84a-7055-5574-873c-62869fd3801d', '2026-07-06T07:07:00+00:00', '2026-07-06T07:07:00+00:00'),
  ('0d3d397c-aa33-5e80-8d5c-4c57fa43112c', 'f0859cfd-faa2-548a-b5f3-679c84b09d6d', 'b740ad4e-34c3-5e42-aca8-6add4d667371', 'B-0028-A', NULL, 53, 7600, NULL, 'e9bea84a-7055-5574-873c-62869fd3801d', '2026-07-06T03:48:00+00:00', '2026-07-06T03:48:00+00:00'),
  ('c1eb1aef-caa3-5b7d-8760-3215282c6427', 'f0859cfd-faa2-548a-b5f3-679c84b09d6d', 'e2e84f67-db8d-56b1-a80e-2256351c0dbc', 'B-0028-B', NULL, 5, 7600, 'Branch allocation', 'e9bea84a-7055-5574-873c-62869fd3801d', '2026-07-06T07:08:00+00:00', '2026-07-06T07:08:00+00:00'),
  ('f97d1ef4-4cf9-5e00-9906-4fdf7abb1bfb', 'dbeed0d9-9475-5f94-8b36-97f64273ef4e', 'b740ad4e-34c3-5e42-aca8-6add4d667371', 'B-0029-A', NULL, 64, 1800, NULL, 'e9bea84a-7055-5574-873c-62869fd3801d', '2026-07-06T03:49:00+00:00', '2026-07-06T03:49:00+00:00'),
  ('9f31ae12-5d41-5527-b7ab-49239975eecd', '599a01f0-db2c-5a1f-983a-af3c8f5143c6', 'b740ad4e-34c3-5e42-aca8-6add4d667371', 'B-0030-A', NULL, 132, 950, NULL, 'e9bea84a-7055-5574-873c-62869fd3801d', '2026-07-06T03:50:00+00:00', '2026-07-06T03:50:00+00:00'),
  ('55703fb7-e806-55a5-a2ee-d8f3bdb95b04', '599a01f0-db2c-5a1f-983a-af3c8f5143c6', 'e2e84f67-db8d-56b1-a80e-2256351c0dbc', 'B-0030-B', NULL, 15, 950, 'Branch allocation', 'e9bea84a-7055-5574-873c-62869fd3801d', '2026-07-06T07:10:00+00:00', '2026-07-06T07:10:00+00:00'),
  ('7baca98b-1278-5a32-b338-633a5bf507c4', '46efa8d0-b7e0-5ad1-a96c-27df5bf98c29', 'b740ad4e-34c3-5e42-aca8-6add4d667371', 'B-0031-A', NULL, 31, 1500, NULL, 'e9bea84a-7055-5574-873c-62869fd3801d', '2026-07-06T03:51:00+00:00', '2026-07-06T03:51:00+00:00'),
  ('11fdbf2d-e041-51f6-86b5-7f32c1fed717', '46efa8d0-b7e0-5ad1-a96c-27df5bf98c29', 'e2e84f67-db8d-56b1-a80e-2256351c0dbc', 'B-0031-B', NULL, 3, 1500, 'Branch allocation', 'e9bea84a-7055-5574-873c-62869fd3801d', '2026-07-06T07:11:00+00:00', '2026-07-06T07:11:00+00:00'),
  ('7d40f659-3a9a-57a1-975c-38abb5a005a8', '199f2a3d-a6d8-522d-b412-468ec48760e7', 'b740ad4e-34c3-5e42-aca8-6add4d667371', 'B-0032-A', NULL, 305, 140, NULL, 'e9bea84a-7055-5574-873c-62869fd3801d', '2026-07-06T03:52:00+00:00', '2026-07-06T03:52:00+00:00'),
  ('b45ceca7-d996-5a5d-b034-43bf2829dc8b', '199f2a3d-a6d8-522d-b412-468ec48760e7', 'e2e84f67-db8d-56b1-a80e-2256351c0dbc', 'B-0032-B', NULL, 56, 140, 'Branch allocation', 'e9bea84a-7055-5574-873c-62869fd3801d', '2026-07-06T07:12:00+00:00', '2026-07-06T07:12:00+00:00'),
  ('d3cabaac-993d-5d9f-9c7a-f102148a4330', 'cbc8ed1c-391f-5065-b826-1416234eaf6b', 'b740ad4e-34c3-5e42-aca8-6add4d667371', 'B-0033-A', NULL, 146, 620, NULL, 'e9bea84a-7055-5574-873c-62869fd3801d', '2026-07-06T03:53:00+00:00', '2026-07-06T03:53:00+00:00'),
  ('82782350-0c28-58d7-a4cf-ab0c15a2b950', 'cbc8ed1c-391f-5065-b826-1416234eaf6b', 'e2e84f67-db8d-56b1-a80e-2256351c0dbc', 'B-0033-B', NULL, 9, 620, 'Branch allocation', 'e9bea84a-7055-5574-873c-62869fd3801d', '2026-07-06T07:13:00+00:00', '2026-07-06T07:13:00+00:00'),
  ('095dabe5-d8d3-58f0-a8a7-1efe5afc2e7d', 'bb6e85c8-8aea-5399-b9e0-496e5592720e', 'b740ad4e-34c3-5e42-aca8-6add4d667371', 'B-0034-A', NULL, 70, 480, NULL, 'e9bea84a-7055-5574-873c-62869fd3801d', '2026-07-06T03:54:00+00:00', '2026-07-06T03:54:00+00:00'),
  ('d036ee10-b95a-526c-afaa-47d6efb8c8ff', 'bb6e85c8-8aea-5399-b9e0-496e5592720e', 'e2e84f67-db8d-56b1-a80e-2256351c0dbc', 'B-0034-B', NULL, 1, 480, 'Branch allocation', 'e9bea84a-7055-5574-873c-62869fd3801d', '2026-07-06T07:14:00+00:00', '2026-07-06T07:14:00+00:00'),
  ('df64bb9d-0039-5d6d-aea1-89e7c3bd9bf8', 'b899a830-638a-57f3-9796-42cb41d97f3f', 'b740ad4e-34c3-5e42-aca8-6add4d667371', 'B-0035-A', NULL, 131, 260, NULL, 'e9bea84a-7055-5574-873c-62869fd3801d', '2026-07-06T03:55:00+00:00', '2026-07-06T03:55:00+00:00'),
  ('b7edfa0e-b227-584b-8aba-fb07d1bca2fd', 'b899a830-638a-57f3-9796-42cb41d97f3f', 'e2e84f67-db8d-56b1-a80e-2256351c0dbc', 'B-0035-B', NULL, 5, 260, 'Branch allocation', 'e9bea84a-7055-5574-873c-62869fd3801d', '2026-07-06T07:15:00+00:00', '2026-07-06T07:15:00+00:00'),
  ('30578ea3-c96e-5a72-9ebc-945a5c179f1e', 'ddd85847-7ca7-5b08-8c97-ee468cda33ef', 'b740ad4e-34c3-5e42-aca8-6add4d667371', 'B-0036-A', NULL, 101, 220, NULL, 'e9bea84a-7055-5574-873c-62869fd3801d', '2026-07-06T03:56:00+00:00', '2026-07-06T03:56:00+00:00'),
  ('eed328e0-2880-570d-ab1c-c4a9135b5c41', 'ddd85847-7ca7-5b08-8c97-ee468cda33ef', 'e2e84f67-db8d-56b1-a80e-2256351c0dbc', 'B-0036-B', NULL, 31, 220, 'Branch allocation', 'e9bea84a-7055-5574-873c-62869fd3801d', '2026-07-06T07:16:00+00:00', '2026-07-06T07:16:00+00:00'),
  ('a0b2f1b0-5fa4-56e9-8792-91682be234ce', '948f2163-30fa-5b1c-9570-8d5b95894c47', 'b740ad4e-34c3-5e42-aca8-6add4d667371', 'B-0037-A', NULL, 250, 110, NULL, 'e9bea84a-7055-5574-873c-62869fd3801d', '2026-07-06T03:57:00+00:00', '2026-07-06T03:57:00+00:00'),
  ('56dcfef2-8e1b-539d-b519-e47dccf53bb1', '948f2163-30fa-5b1c-9570-8d5b95894c47', 'e2e84f67-db8d-56b1-a80e-2256351c0dbc', 'B-0037-B', NULL, 68, 110, 'Branch allocation', 'e9bea84a-7055-5574-873c-62869fd3801d', '2026-07-06T07:17:00+00:00', '2026-07-06T07:17:00+00:00'),
  ('be735217-7861-56a3-a9c1-a66cb31077de', '6bbc71db-43dc-5949-a866-f798aeb3dfdd', 'b740ad4e-34c3-5e42-aca8-6add4d667371', 'B-0038-A', NULL, 184, 130, NULL, 'e9bea84a-7055-5574-873c-62869fd3801d', '2026-07-06T03:58:00+00:00', '2026-07-06T03:58:00+00:00'),
  ('6a7b1799-66a0-50d1-8551-6a8c715e29cd', '6bbc71db-43dc-5949-a866-f798aeb3dfdd', 'e2e84f67-db8d-56b1-a80e-2256351c0dbc', 'B-0038-B', NULL, 8, 130, 'Branch allocation', 'e9bea84a-7055-5574-873c-62869fd3801d', '2026-07-06T07:18:00+00:00', '2026-07-06T07:18:00+00:00'),
  ('2b249b9d-2be1-5817-9d43-e0155d77f050', 'aac70ad7-9b93-5768-ba67-180aef0fa9e9', 'b740ad4e-34c3-5e42-aca8-6add4d667371', 'B-0039-A', '2027-12-31', 343, 180, NULL, 'e9bea84a-7055-5574-873c-62869fd3801d', '2026-07-06T03:59:00+00:00', '2026-07-06T03:59:00+00:00'),
  ('b1ef84ab-c989-54d6-aa0f-abfdf959e036', 'aac70ad7-9b93-5768-ba67-180aef0fa9e9', 'e2e84f67-db8d-56b1-a80e-2256351c0dbc', 'B-0039-B', '2027-12-31', 35, 180, 'Branch allocation', 'e9bea84a-7055-5574-873c-62869fd3801d', '2026-07-06T07:19:00+00:00', '2026-07-06T07:19:00+00:00'),
  ('1a3f2661-af5b-5ba2-bf66-45a91ed56042', 'f555d0ee-7ea4-5058-a804-b053ab251cee', 'b740ad4e-34c3-5e42-aca8-6add4d667371', 'B-0040-A', NULL, 174, 140, NULL, 'e9bea84a-7055-5574-873c-62869fd3801d', '2026-07-06T04:00:00+00:00', '2026-07-06T04:00:00+00:00'),
  ('b3d651fe-6afe-5104-b551-132c752fe1f4', 'f555d0ee-7ea4-5058-a804-b053ab251cee', 'e2e84f67-db8d-56b1-a80e-2256351c0dbc', 'B-0040-B', NULL, 16, 140, 'Branch allocation', 'e9bea84a-7055-5574-873c-62869fd3801d', '2026-07-06T07:20:00+00:00', '2026-07-06T07:20:00+00:00'),
  ('f741acf9-8749-5e8c-8346-1df938762fe4', 'f17829fe-1d7c-576e-99a9-5e796790eee5', 'b740ad4e-34c3-5e42-aca8-6add4d667371', 'B-0041-A', NULL, 215, 95, NULL, 'e9bea84a-7055-5574-873c-62869fd3801d', '2026-07-06T04:01:00+00:00', '2026-07-06T04:01:00+00:00'),
  ('f1372b75-f4c4-5541-bb84-a739003ac263', 'f17829fe-1d7c-576e-99a9-5e796790eee5', 'e2e84f67-db8d-56b1-a80e-2256351c0dbc', 'B-0041-B', NULL, 38, 95, 'Branch allocation', 'e9bea84a-7055-5574-873c-62869fd3801d', '2026-07-06T07:21:00+00:00', '2026-07-06T07:21:00+00:00'),
  ('11f21282-6434-5c21-88aa-5a132840f601', '4dc79e42-00ac-565c-a8f8-d08919812cc1', 'b740ad4e-34c3-5e42-aca8-6add4d667371', 'B-0042-A', NULL, 158, 950, NULL, 'e9bea84a-7055-5574-873c-62869fd3801d', '2026-07-06T04:02:00+00:00', '2026-07-06T04:02:00+00:00'),
  ('6f6e710a-9633-5025-8cb3-5c24a8c10ce7', '4dc79e42-00ac-565c-a8f8-d08919812cc1', 'e2e84f67-db8d-56b1-a80e-2256351c0dbc', 'B-0042-B', NULL, 6, 950, 'Branch allocation', 'e9bea84a-7055-5574-873c-62869fd3801d', '2026-07-06T07:22:00+00:00', '2026-07-06T07:22:00+00:00'),
  ('cfacce19-7cb2-5c6e-bacd-0d353cd57cd6', 'c2e5a53a-9070-50c7-8416-67c91363818f', 'b740ad4e-34c3-5e42-aca8-6add4d667371', 'B-0043-A', NULL, 385, 160, NULL, 'e9bea84a-7055-5574-873c-62869fd3801d', '2026-07-06T04:03:00+00:00', '2026-07-06T04:03:00+00:00'),
  ('8fbb9cbf-59b3-5b56-a225-28e28a024a30', 'c2e5a53a-9070-50c7-8416-67c91363818f', 'e2e84f67-db8d-56b1-a80e-2256351c0dbc', 'B-0043-B', NULL, 39, 160, 'Branch allocation', 'e9bea84a-7055-5574-873c-62869fd3801d', '2026-07-06T07:23:00+00:00', '2026-07-06T07:23:00+00:00'),
  ('348b4d87-b82a-5f85-90cf-23ee78fe4331', '4ee0c6b2-744c-525f-84b4-73b12ed43fa9', 'b740ad4e-34c3-5e42-aca8-6add4d667371', 'B-0044-A', NULL, 91, 850, NULL, 'e9bea84a-7055-5574-873c-62869fd3801d', '2026-07-06T04:04:00+00:00', '2026-07-06T04:04:00+00:00'),
  ('3387778b-37eb-585f-a6d0-cbded5104314', '4ee0c6b2-744c-525f-84b4-73b12ed43fa9', 'e2e84f67-db8d-56b1-a80e-2256351c0dbc', 'B-0044-B', NULL, 20, 850, 'Branch allocation', 'e9bea84a-7055-5574-873c-62869fd3801d', '2026-07-06T07:24:00+00:00', '2026-07-06T07:24:00+00:00'),
  ('b5b2c242-4891-5210-b887-b85b0e48ed9c', '38e4f2c6-366e-564f-b940-f4487feab157', 'b740ad4e-34c3-5e42-aca8-6add4d667371', 'B-0045-A', NULL, 77, 1200, NULL, 'e9bea84a-7055-5574-873c-62869fd3801d', '2026-07-06T04:05:00+00:00', '2026-07-06T04:05:00+00:00'),
  ('3447ca54-32a6-5c6d-8f3d-3068b584d4f1', '38e4f2c6-366e-564f-b940-f4487feab157', 'e2e84f67-db8d-56b1-a80e-2256351c0dbc', 'B-0045-B', NULL, 14, 1200, 'Branch allocation', 'e9bea84a-7055-5574-873c-62869fd3801d', '2026-07-06T07:25:00+00:00', '2026-07-06T07:25:00+00:00'),
  ('813616a2-9cc8-5071-8ff3-93b81c4de821', 'a8414d6f-afdd-5eeb-8eca-9670ab7f8898', 'b740ad4e-34c3-5e42-aca8-6add4d667371', 'B-0046-A', NULL, 384, 210, NULL, 'e9bea84a-7055-5574-873c-62869fd3801d', '2026-07-06T04:06:00+00:00', '2026-07-06T04:06:00+00:00'),
  ('3e8367d8-9fc3-55d8-9e54-e348ef2ef283', 'a8414d6f-afdd-5eeb-8eca-9670ab7f8898', 'e2e84f67-db8d-56b1-a80e-2256351c0dbc', 'B-0046-B', NULL, 28, 210, 'Branch allocation', 'e9bea84a-7055-5574-873c-62869fd3801d', '2026-07-06T07:26:00+00:00', '2026-07-06T07:26:00+00:00'),
  ('bf503a40-0e5b-57b3-baa6-ae1a3c37b859', '5af34939-a4a6-50c6-b054-2a434b4543cb', 'b740ad4e-34c3-5e42-aca8-6add4d667371', 'B-0047-A', NULL, 37, 2800, NULL, 'e9bea84a-7055-5574-873c-62869fd3801d', '2026-07-06T04:07:00+00:00', '2026-07-06T04:07:00+00:00'),
  ('8123f998-b1df-5d57-86d7-77f24b0b6c48', '5af34939-a4a6-50c6-b054-2a434b4543cb', 'e2e84f67-db8d-56b1-a80e-2256351c0dbc', 'B-0047-B', NULL, 7, 2800, 'Branch allocation', 'e9bea84a-7055-5574-873c-62869fd3801d', '2026-07-06T07:27:00+00:00', '2026-07-06T07:27:00+00:00'),
  ('9a99c77c-c0f9-54ce-9fdb-0aa85354d049', '17a154a4-56c0-570c-b747-01f84d08f8ed', 'b740ad4e-34c3-5e42-aca8-6add4d667371', 'B-0048-A', NULL, 58, 980, NULL, 'e9bea84a-7055-5574-873c-62869fd3801d', '2026-07-06T04:08:00+00:00', '2026-07-06T04:08:00+00:00'),
  ('749be487-5083-55b4-9c61-a90423f9a536', '17a154a4-56c0-570c-b747-01f84d08f8ed', 'e2e84f67-db8d-56b1-a80e-2256351c0dbc', 'B-0048-B', NULL, 2, 980, 'Branch allocation', 'e9bea84a-7055-5574-873c-62869fd3801d', '2026-07-06T07:28:00+00:00', '2026-07-06T07:28:00+00:00'),
  ('93ab6a19-8f73-5733-a70b-0d69dd7d3b2a', '0af2c63d-44de-5a31-95ab-b7efa44304ae', 'b740ad4e-34c3-5e42-aca8-6add4d667371', 'B-0049-A', NULL, 51, 1400, NULL, 'e9bea84a-7055-5574-873c-62869fd3801d', '2026-07-06T04:09:00+00:00', '2026-07-06T04:09:00+00:00'),
  ('f621ae6f-698a-565b-ac05-57e1db22238d', '54efd525-350b-51a9-9d3a-fa6c809c41bb', 'b740ad4e-34c3-5e42-aca8-6add4d667371', 'B-0050-A', NULL, 105, 450, NULL, 'e9bea84a-7055-5574-873c-62869fd3801d', '2026-07-06T04:10:00+00:00', '2026-07-06T04:10:00+00:00'),
  ('8271d839-78e6-5b47-bd5c-64f8d351c674', '54efd525-350b-51a9-9d3a-fa6c809c41bb', 'e2e84f67-db8d-56b1-a80e-2256351c0dbc', 'B-0050-B', NULL, 7, 450, 'Branch allocation', 'e9bea84a-7055-5574-873c-62869fd3801d', '2026-07-06T07:30:00+00:00', '2026-07-06T07:30:00+00:00'),
  ('303f4a3e-0e90-5876-b6a9-621aea566c8a', 'aed6fd5d-d840-57b5-9b9d-64d4d99955e8', 'b740ad4e-34c3-5e42-aca8-6add4d667371', 'B-0051-A', NULL, 58, 520, NULL, 'e9bea84a-7055-5574-873c-62869fd3801d', '2026-07-06T04:11:00+00:00', '2026-07-06T04:11:00+00:00'),
  ('2ebc0015-89b2-52d8-b39b-73a15218f58a', '40d277de-2fc3-5a8c-916b-9dbe9751c65d', 'b740ad4e-34c3-5e42-aca8-6add4d667371', 'B-0052-A', NULL, 34, 760, NULL, 'e9bea84a-7055-5574-873c-62869fd3801d', '2026-07-06T04:12:00+00:00', '2026-07-06T04:12:00+00:00'),
  ('90fbb6b9-a5c4-563d-9404-8bb0d2d2963d', '40d277de-2fc3-5a8c-916b-9dbe9751c65d', 'e2e84f67-db8d-56b1-a80e-2256351c0dbc', 'B-0052-B', NULL, 1, 760, 'Branch allocation', 'e9bea84a-7055-5574-873c-62869fd3801d', '2026-07-06T07:32:00+00:00', '2026-07-06T07:32:00+00:00'),
  ('bd4ff90c-1167-570c-bf7b-52e5e5f79bd1', '8910f5a6-a647-522f-bc06-9bd818e72e14', 'b740ad4e-34c3-5e42-aca8-6add4d667371', 'B-0053-A', NULL, 44, 22000, NULL, 'e9bea84a-7055-5574-873c-62869fd3801d', '2026-07-06T04:13:00+00:00', '2026-07-06T04:13:00+00:00'),
  ('60f8d0ec-37f9-512c-a964-8c9a74ee31f1', '8910f5a6-a647-522f-bc06-9bd818e72e14', 'e2e84f67-db8d-56b1-a80e-2256351c0dbc', 'B-0053-B', NULL, 2, 22000, 'Branch allocation', 'e9bea84a-7055-5574-873c-62869fd3801d', '2026-07-06T07:33:00+00:00', '2026-07-06T07:33:00+00:00'),
  ('797bd721-0090-578e-bab9-3bb093e9cd82', '64de6c21-8a50-5003-8de9-54072b2f31cb', 'b740ad4e-34c3-5e42-aca8-6add4d667371', 'B-0054-A', NULL, 32, 15500, NULL, 'e9bea84a-7055-5574-873c-62869fd3801d', '2026-07-06T04:14:00+00:00', '2026-07-06T04:14:00+00:00'),
  ('a15bf16a-ab05-5f91-ae3f-999b26d0a1ce', '64de6c21-8a50-5003-8de9-54072b2f31cb', 'e2e84f67-db8d-56b1-a80e-2256351c0dbc', 'B-0054-B', NULL, 10, 15500, 'Branch allocation', 'e9bea84a-7055-5574-873c-62869fd3801d', '2026-07-06T07:34:00+00:00', '2026-07-06T07:34:00+00:00'),
  ('09d5a2cb-dd55-5961-aa9c-5be6aede33ad', 'b4fe7b6f-ab0d-563b-a184-ac7cc5fd38cf', 'b740ad4e-34c3-5e42-aca8-6add4d667371', 'B-0055-A', NULL, 34, 650, NULL, 'e9bea84a-7055-5574-873c-62869fd3801d', '2026-07-06T04:15:00+00:00', '2026-07-06T04:15:00+00:00'),
  ('0595fb40-ef56-5024-86a2-ab7492a6d825', 'b4fe7b6f-ab0d-563b-a184-ac7cc5fd38cf', 'e2e84f67-db8d-56b1-a80e-2256351c0dbc', 'B-0055-B', NULL, 7, 650, 'Branch allocation', 'e9bea84a-7055-5574-873c-62869fd3801d', '2026-07-06T07:35:00+00:00', '2026-07-06T07:35:00+00:00'),
  ('19294397-c7c9-5333-8398-a503310cbcd2', '4d9ca227-96c2-5000-b4d9-e51517159c00', 'b740ad4e-34c3-5e42-aca8-6add4d667371', 'B-0056-A', NULL, 47, 1700, NULL, 'e9bea84a-7055-5574-873c-62869fd3801d', '2026-07-06T04:16:00+00:00', '2026-07-06T04:16:00+00:00'),
  ('7041cc7b-f056-5289-bcc4-10b9be495801', '4d9ca227-96c2-5000-b4d9-e51517159c00', 'e2e84f67-db8d-56b1-a80e-2256351c0dbc', 'B-0056-B', NULL, 15, 1700, 'Branch allocation', 'e9bea84a-7055-5574-873c-62869fd3801d', '2026-07-06T07:36:00+00:00', '2026-07-06T07:36:00+00:00');
INSERT INTO stock_transfers (id, transfer_number, from_warehouse_id, to_warehouse_id, status, note, created_by, created_at) VALUES
  ('0405a0c2-e46a-5cd9-a981-28f94331ba7e', 'ST-0001', 'b740ad4e-34c3-5e42-aca8-6add4d667371', 'e2e84f67-db8d-56b1-a80e-2256351c0dbc', 'completed', 'Rebalancing branch stock', 'e9bea84a-7055-5574-873c-62869fd3801d', '2026-07-05T15:41:00+00:00'),
  ('92b92b92-1227-595a-9560-a2852348e173', 'ST-0002', 'b740ad4e-34c3-5e42-aca8-6add4d667371', 'e2e84f67-db8d-56b1-a80e-2256351c0dbc', 'completed', 'Rebalancing branch stock', 'e9bea84a-7055-5574-873c-62869fd3801d', '2026-07-05T15:42:00+00:00');
INSERT INTO stock_transfer_items (id, transfer_id, product_id, quantity) VALUES
  ('796f164c-5b4e-5ae2-a0ff-f42b90aea04b', '0405a0c2-e46a-5cd9-a981-28f94331ba7e', '7dee747f-7bf9-52a0-b159-f0a085fbd843', 20),
  ('0ef744d5-3fcf-5450-a80d-4598dafaa6c3', '0405a0c2-e46a-5cd9-a981-28f94331ba7e', '557f5c5d-c139-586c-886e-65ee2c3f03bb', 16),
  ('10abd9b3-ec86-50ae-9798-b309cfa5d701', '0405a0c2-e46a-5cd9-a981-28f94331ba7e', '8478ad90-ea01-5165-80f3-dc36003b4344', 30),
  ('f7115428-7bf6-5fb6-96d1-8789908dc97e', '0405a0c2-e46a-5cd9-a981-28f94331ba7e', '76d1fc85-3ba0-5ec5-bf8a-dbf4c14f57eb', 25),
  ('3caf9068-8d3d-57b5-9fa8-eb4583dcb898', '0405a0c2-e46a-5cd9-a981-28f94331ba7e', 'd1ce6f91-e4e8-5c41-a561-5fc754393bbe', 22),
  ('ad2d89e8-c4f7-548d-bdc6-8dfb86b3c3ad', '92b92b92-1227-595a-9560-a2852348e173', '71c7156b-f6e5-5e3e-bbed-d559c6df31f8', 30),
  ('4818bd7f-d396-5be6-99ce-2cc6fc6e29ff', '92b92b92-1227-595a-9560-a2852348e173', '40d88f5b-9c50-5a1f-a77e-4e3c02924b22', 24),
  ('65cb1c02-13a4-5427-992c-fc07c4d8d988', '92b92b92-1227-595a-9560-a2852348e173', 'f0859cfd-faa2-548a-b5f3-679c84b09d6d', 14),
  ('d6cb9b1b-268e-5684-80b8-75dcadad583f', '92b92b92-1227-595a-9560-a2852348e173', 'dbeed0d9-9475-5f94-8b36-97f64273ef4e', 18),
  ('eb01d0d0-bb1e-512c-93ba-e005b1107e71', '92b92b92-1227-595a-9560-a2852348e173', '599a01f0-db2c-5a1f-983a-af3c8f5143c6', 14);
INSERT INTO stock_movements (id, product_id, warehouse_id, movement_type, quantity, unit_cost, reference, note, created_by, created_at, reference_type, reference_id) VALUES
  ('d75eb4db-dc41-53d8-ab82-de9aaf5f1774', '7dee747f-7bf9-52a0-b159-f0a085fbd843', 'b740ad4e-34c3-5e42-aca8-6add4d667371', 'transfer_out', 20, 50, 'ST-0001', 'Sent to branch', 'e9bea84a-7055-5574-873c-62869fd3801d', '2026-07-05T17:21:00+00:00', 'stock_transfer', '0405a0c2-e46a-5cd9-a981-28f94331ba7e'),
  ('b6d02eef-8aef-59ea-9a89-f673fff7f245', '7dee747f-7bf9-52a0-b159-f0a085fbd843', 'e2e84f67-db8d-56b1-a80e-2256351c0dbc', 'transfer_in', 20, 50, 'ST-0001', 'Received from main', 'e9bea84a-7055-5574-873c-62869fd3801d', '2026-07-05T19:02:00+00:00', 'stock_transfer', '0405a0c2-e46a-5cd9-a981-28f94331ba7e'),
  ('f39bb45b-2a0a-571d-9bd5-38186382adc0', '557f5c5d-c139-586c-886e-65ee2c3f03bb', 'b740ad4e-34c3-5e42-aca8-6add4d667371', 'transfer_out', 16, 320, 'ST-0001', 'Sent to branch', 'e9bea84a-7055-5574-873c-62869fd3801d', '2026-07-05T17:24:00+00:00', 'stock_transfer', '0405a0c2-e46a-5cd9-a981-28f94331ba7e'),
  ('33a81177-083d-5032-ade4-8461e85c83c5', '557f5c5d-c139-586c-886e-65ee2c3f03bb', 'e2e84f67-db8d-56b1-a80e-2256351c0dbc', 'transfer_in', 16, 320, 'ST-0001', 'Received from main', 'e9bea84a-7055-5574-873c-62869fd3801d', '2026-07-05T19:05:00+00:00', 'stock_transfer', '0405a0c2-e46a-5cd9-a981-28f94331ba7e'),
  ('a2fca7c6-ed43-5bcc-815c-38f6145c5d3e', '8478ad90-ea01-5165-80f3-dc36003b4344', 'b740ad4e-34c3-5e42-aca8-6add4d667371', 'transfer_out', 30, 280, 'ST-0001', 'Sent to branch', 'e9bea84a-7055-5574-873c-62869fd3801d', '2026-07-05T17:27:00+00:00', 'stock_transfer', '0405a0c2-e46a-5cd9-a981-28f94331ba7e'),
  ('b15db6d7-dfee-555b-93bb-f5bb327c2552', '8478ad90-ea01-5165-80f3-dc36003b4344', 'e2e84f67-db8d-56b1-a80e-2256351c0dbc', 'transfer_in', 30, 280, 'ST-0001', 'Received from main', 'e9bea84a-7055-5574-873c-62869fd3801d', '2026-07-05T19:08:00+00:00', 'stock_transfer', '0405a0c2-e46a-5cd9-a981-28f94331ba7e'),
  ('2a5a10e4-785c-5d78-86a7-c5e2c3ab1b5e', '76d1fc85-3ba0-5ec5-bf8a-dbf4c14f57eb', 'b740ad4e-34c3-5e42-aca8-6add4d667371', 'transfer_out', 25, 75, 'ST-0001', 'Sent to branch', 'e9bea84a-7055-5574-873c-62869fd3801d', '2026-07-05T17:30:00+00:00', 'stock_transfer', '0405a0c2-e46a-5cd9-a981-28f94331ba7e'),
  ('ec7c177f-8517-57b6-9f8d-15eea32ce51a', '76d1fc85-3ba0-5ec5-bf8a-dbf4c14f57eb', 'e2e84f67-db8d-56b1-a80e-2256351c0dbc', 'transfer_in', 25, 75, 'ST-0001', 'Received from main', 'e9bea84a-7055-5574-873c-62869fd3801d', '2026-07-05T19:11:00+00:00', 'stock_transfer', '0405a0c2-e46a-5cd9-a981-28f94331ba7e'),
  ('1c1b9b1b-8b2c-5062-b65d-c13d3ec1b776', 'd1ce6f91-e4e8-5c41-a561-5fc754393bbe', 'b740ad4e-34c3-5e42-aca8-6add4d667371', 'transfer_out', 22, 120, 'ST-0001', 'Sent to branch', 'e9bea84a-7055-5574-873c-62869fd3801d', '2026-07-05T17:33:00+00:00', 'stock_transfer', '0405a0c2-e46a-5cd9-a981-28f94331ba7e'),
  ('214a71f0-de13-5416-9e88-6b17518b4b93', 'd1ce6f91-e4e8-5c41-a561-5fc754393bbe', 'e2e84f67-db8d-56b1-a80e-2256351c0dbc', 'transfer_in', 22, 120, 'ST-0001', 'Received from main', 'e9bea84a-7055-5574-873c-62869fd3801d', '2026-07-05T19:14:00+00:00', 'stock_transfer', '0405a0c2-e46a-5cd9-a981-28f94331ba7e'),
  ('8ed5d220-dc96-5ac1-874a-d6e092c13c07', '71c7156b-f6e5-5e3e-bbed-d559c6df31f8', 'b740ad4e-34c3-5e42-aca8-6add4d667371', 'transfer_out', 30, 300, 'ST-0002', 'Sent to branch', 'e9bea84a-7055-5574-873c-62869fd3801d', '2026-07-05T17:31:00+00:00', 'stock_transfer', '92b92b92-1227-595a-9560-a2852348e173'),
  ('183fbbf5-6de2-5929-9ed3-6023290c5acb', '71c7156b-f6e5-5e3e-bbed-d559c6df31f8', 'e2e84f67-db8d-56b1-a80e-2256351c0dbc', 'transfer_in', 30, 300, 'ST-0002', 'Received from main', 'e9bea84a-7055-5574-873c-62869fd3801d', '2026-07-05T19:12:00+00:00', 'stock_transfer', '92b92b92-1227-595a-9560-a2852348e173'),
  ('6c0f8e27-0745-566f-bc2f-0ca2f096276c', '40d88f5b-9c50-5a1f-a77e-4e3c02924b22', 'b740ad4e-34c3-5e42-aca8-6add4d667371', 'transfer_out', 24, 4200, 'ST-0002', 'Sent to branch', 'e9bea84a-7055-5574-873c-62869fd3801d', '2026-07-05T17:34:00+00:00', 'stock_transfer', '92b92b92-1227-595a-9560-a2852348e173'),
  ('e0df23bb-5f58-5ac1-85bd-e761b42b149c', '40d88f5b-9c50-5a1f-a77e-4e3c02924b22', 'e2e84f67-db8d-56b1-a80e-2256351c0dbc', 'transfer_in', 24, 4200, 'ST-0002', 'Received from main', 'e9bea84a-7055-5574-873c-62869fd3801d', '2026-07-05T19:15:00+00:00', 'stock_transfer', '92b92b92-1227-595a-9560-a2852348e173'),
  ('04764ef3-5690-57e9-9ba8-4b2029c8b519', 'f0859cfd-faa2-548a-b5f3-679c84b09d6d', 'b740ad4e-34c3-5e42-aca8-6add4d667371', 'transfer_out', 14, 7600, 'ST-0002', 'Sent to branch', 'e9bea84a-7055-5574-873c-62869fd3801d', '2026-07-05T17:37:00+00:00', 'stock_transfer', '92b92b92-1227-595a-9560-a2852348e173'),
  ('e9e431a2-aaab-518f-ad0b-1df7c879070e', 'f0859cfd-faa2-548a-b5f3-679c84b09d6d', 'e2e84f67-db8d-56b1-a80e-2256351c0dbc', 'transfer_in', 14, 7600, 'ST-0002', 'Received from main', 'e9bea84a-7055-5574-873c-62869fd3801d', '2026-07-05T19:18:00+00:00', 'stock_transfer', '92b92b92-1227-595a-9560-a2852348e173'),
  ('2f1a92f4-86ff-5aae-8d5b-4d5f303dd7ad', 'dbeed0d9-9475-5f94-8b36-97f64273ef4e', 'b740ad4e-34c3-5e42-aca8-6add4d667371', 'transfer_out', 18, 1800, 'ST-0002', 'Sent to branch', 'e9bea84a-7055-5574-873c-62869fd3801d', '2026-07-05T17:40:00+00:00', 'stock_transfer', '92b92b92-1227-595a-9560-a2852348e173'),
  ('d24dafb7-0e2e-5957-ae16-b50f8daa1e09', 'dbeed0d9-9475-5f94-8b36-97f64273ef4e', 'e2e84f67-db8d-56b1-a80e-2256351c0dbc', 'transfer_in', 18, 1800, 'ST-0002', 'Received from main', 'e9bea84a-7055-5574-873c-62869fd3801d', '2026-07-05T19:21:00+00:00', 'stock_transfer', '92b92b92-1227-595a-9560-a2852348e173'),
  ('fbc1f712-3866-533a-ab80-d210ac763542', '599a01f0-db2c-5a1f-983a-af3c8f5143c6', 'b740ad4e-34c3-5e42-aca8-6add4d667371', 'transfer_out', 14, 950, 'ST-0002', 'Sent to branch', 'e9bea84a-7055-5574-873c-62869fd3801d', '2026-07-05T17:43:00+00:00', 'stock_transfer', '92b92b92-1227-595a-9560-a2852348e173'),
  ('85c95f4a-95ba-5b74-a1c2-f6b4a1f91aac', '599a01f0-db2c-5a1f-983a-af3c8f5143c6', 'e2e84f67-db8d-56b1-a80e-2256351c0dbc', 'transfer_in', 14, 950, 'ST-0002', 'Received from main', 'e9bea84a-7055-5574-873c-62869fd3801d', '2026-07-05T19:24:00+00:00', 'stock_transfer', '92b92b92-1227-595a-9560-a2852348e173'),
  ('ad5e34d1-4048-50c3-8223-991f257b3747', '001903a3-52ab-51ce-a397-c6e698e69a13', 'b740ad4e-34c3-5e42-aca8-6add4d667371', 'purchase', 101, 390, '80af452a-9', 'Purchase received', '5da94d74-bd35-5649-afd6-7694627a7d16', '2026-07-05T20:41:00+00:00', 'purchase_invoice', '80af452a-9d57-51bd-b656-6ac0896e8d73'),
  ('9a58c473-7844-54af-906c-5ca40a8a6df9', '2d180117-9227-5e31-8c49-4df0e71237bf', 'e2e84f67-db8d-56b1-a80e-2256351c0dbc', 'purchase', 23, 260, '80af452a-9', 'Purchase received', '5da94d74-bd35-5649-afd6-7694627a7d16', '2026-07-05T20:42:00+00:00', 'purchase_invoice', '80af452a-9d57-51bd-b656-6ac0896e8d73'),
  ('43d13fb9-45f1-535a-b4d3-44b4877791af', '1c08db00-4360-5c93-8599-0a3bd8cd1d3b', 'b740ad4e-34c3-5e42-aca8-6add4d667371', 'purchase', 55, 760, '80af452a-9', 'Purchase received', '5da94d74-bd35-5649-afd6-7694627a7d16', '2026-07-05T20:43:00+00:00', 'purchase_invoice', '80af452a-9d57-51bd-b656-6ac0896e8d73'),
  ('66a93c68-91dd-543c-b94e-ccd652cee59b', 'c14e3195-5f79-5430-9de7-333e4baadfd3', 'e2e84f67-db8d-56b1-a80e-2256351c0dbc', 'purchase', 48, 85, '80af452a-9', 'Purchase received', '5da94d74-bd35-5649-afd6-7694627a7d16', '2026-07-05T20:44:00+00:00', 'purchase_invoice', '80af452a-9d57-51bd-b656-6ac0896e8d73'),
  ('d0fc5c72-c531-5980-accf-bad6f62463be', '7e858d3b-02ef-533a-affe-e98253f29fa9', 'b740ad4e-34c3-5e42-aca8-6add4d667371', 'purchase', 114, 85, '80af452a-9', 'Purchase received', '5da94d74-bd35-5649-afd6-7694627a7d16', '2026-07-05T20:45:00+00:00', 'purchase_invoice', '80af452a-9d57-51bd-b656-6ac0896e8d73'),
  ('4d97148c-ffd3-5b87-b428-2aca89fd55cf', '7dee747f-7bf9-52a0-b159-f0a085fbd843', 'e2e84f67-db8d-56b1-a80e-2256351c0dbc', 'purchase', 106, 50, '80af452a-9', 'Purchase received', '5da94d74-bd35-5649-afd6-7694627a7d16', '2026-07-05T20:46:00+00:00', 'purchase_invoice', '80af452a-9d57-51bd-b656-6ac0896e8d73'),
  ('6531dd40-5591-51a6-a67f-ca98538bc334', '8f897588-2a29-5aec-a99b-36b1a1c9e4b9', 'b740ad4e-34c3-5e42-aca8-6add4d667371', 'purchase', 89, 430, '205331b3-9', 'Purchase received', '5da94d74-bd35-5649-afd6-7694627a7d16', '2026-07-05T20:47:00+00:00', 'purchase_invoice', '205331b3-9e92-5527-8a98-8a9a4ac792a1'),
  ('d9e31360-11c6-5ace-9f49-841c22c45665', 'bb893776-1a3a-52be-9132-8e87e0a3c7bd', 'e2e84f67-db8d-56b1-a80e-2256351c0dbc', 'purchase', 95, 520, '205331b3-9', 'Purchase received', '5da94d74-bd35-5649-afd6-7694627a7d16', '2026-07-05T20:48:00+00:00', 'purchase_invoice', '205331b3-9e92-5527-8a98-8a9a4ac792a1'),
  ('2f83406f-cdac-510b-a550-b25cac68c7ff', '8483aedc-5ccf-52f8-8b66-dd78b76e048c', 'b740ad4e-34c3-5e42-aca8-6add4d667371', 'purchase', 24, 110, '205331b3-9', 'Purchase received', '5da94d74-bd35-5649-afd6-7694627a7d16', '2026-07-05T20:49:00+00:00', 'purchase_invoice', '205331b3-9e92-5527-8a98-8a9a4ac792a1'),
  ('a5b63e61-d4bf-5e45-8c40-72af3e00a6a2', '900a9384-f545-5dae-90a2-00ed3e967313', 'e2e84f67-db8d-56b1-a80e-2256351c0dbc', 'purchase', 31, 160, '205331b3-9', 'Purchase received', '5da94d74-bd35-5649-afd6-7694627a7d16', '2026-07-05T20:50:00+00:00', 'purchase_invoice', '205331b3-9e92-5527-8a98-8a9a4ac792a1'),
  ('0ed087c8-0e67-5a52-a239-d9124739628f', '557f5c5d-c139-586c-886e-65ee2c3f03bb', 'b740ad4e-34c3-5e42-aca8-6add4d667371', 'purchase', 49, 320, '205331b3-9', 'Purchase received', '5da94d74-bd35-5649-afd6-7694627a7d16', '2026-07-05T20:51:00+00:00', 'purchase_invoice', '205331b3-9e92-5527-8a98-8a9a4ac792a1'),
  ('d56d5152-39b5-5db2-ba77-bc8735f72e5f', '3b72d6b1-a06b-5e4a-ada3-459f04ffb752', 'e2e84f67-db8d-56b1-a80e-2256351c0dbc', 'purchase', 24, 950, 'e9292e5e-e', 'Purchase received', '5da94d74-bd35-5649-afd6-7694627a7d16', '2026-07-05T20:52:00+00:00', 'purchase_invoice', 'e9292e5e-e4f6-5567-abb9-843485180b3d'),
  ('ae611a06-6aa1-50e0-b9e3-b485500f4d54', '001903a3-52ab-51ce-a397-c6e698e69a13', 'b740ad4e-34c3-5e42-aca8-6add4d667371', 'sale', 6, NULL, '8af1676c-c', 'Sale issued', 'ac5f3bcb-7bed-546b-83d3-01d9752940f8', '2026-07-05T22:21:00+00:00', 'sales_invoice', '8af1676c-cab7-5ce5-8e64-76d33cd5ebcd'),
  ('9e2c062d-20e0-5eef-aeea-29bda6e32cfb', 'c14e3195-5f79-5430-9de7-333e4baadfd3', 'e2e84f67-db8d-56b1-a80e-2256351c0dbc', 'sale', 15, NULL, '8af1676c-c', 'Sale issued', 'ac5f3bcb-7bed-546b-83d3-01d9752940f8', '2026-07-05T22:22:00+00:00', 'sales_invoice', '8af1676c-cab7-5ce5-8e64-76d33cd5ebcd'),
  ('23cc3449-3950-5f79-8315-d5858b20f170', '2a2c0fe7-01dc-5a53-9db1-180c9d8284da', 'b740ad4e-34c3-5e42-aca8-6add4d667371', 'sale', 14, NULL, '8af1676c-c', 'Sale issued', 'ac5f3bcb-7bed-546b-83d3-01d9752940f8', '2026-07-05T22:23:00+00:00', 'sales_invoice', '8af1676c-cab7-5ce5-8e64-76d33cd5ebcd'),
  ('fbfe6c50-1d4d-5989-853c-d09066df3723', 'd1ce6f91-e4e8-5c41-a561-5fc754393bbe', 'e2e84f67-db8d-56b1-a80e-2256351c0dbc', 'sale', 11, NULL, '8af1676c-c', 'Sale issued', 'ac5f3bcb-7bed-546b-83d3-01d9752940f8', '2026-07-05T22:24:00+00:00', 'sales_invoice', '8af1676c-cab7-5ce5-8e64-76d33cd5ebcd'),
  ('b9c6dd6d-766e-5e21-90f0-6e2030f53b76', '46efa8d0-b7e0-5ad1-a96c-27df5bf98c29', 'b740ad4e-34c3-5e42-aca8-6add4d667371', 'sale', 4, NULL, '8af1676c-c', 'Sale issued', 'ac5f3bcb-7bed-546b-83d3-01d9752940f8', '2026-07-05T22:25:00+00:00', 'sales_invoice', '8af1676c-cab7-5ce5-8e64-76d33cd5ebcd'),
  ('3184a5ef-c076-534c-8542-22d801c53143', '2d180117-9227-5e31-8c49-4df0e71237bf', 'e2e84f67-db8d-56b1-a80e-2256351c0dbc', 'sale', 6, NULL, '4704213b-a', 'Sale issued', 'ac5f3bcb-7bed-546b-83d3-01d9752940f8', '2026-07-05T22:26:00+00:00', 'sales_invoice', '4704213b-a1bf-5edc-830a-814b687bdf46'),
  ('d6f992ec-d6b4-59e1-858a-1e3ae88ae12f', '7e858d3b-02ef-533a-affe-e98253f29fa9', 'b740ad4e-34c3-5e42-aca8-6add4d667371', 'sale', 5, NULL, '4704213b-a', 'Sale issued', 'ac5f3bcb-7bed-546b-83d3-01d9752940f8', '2026-07-05T22:27:00+00:00', 'sales_invoice', '4704213b-a1bf-5edc-830a-814b687bdf46'),
  ('b3b95df7-8a12-5956-8742-daabe1f13866', 'b83f6109-1d99-5b6f-b936-b823220f4ae7', 'e2e84f67-db8d-56b1-a80e-2256351c0dbc', 'sale', 12, NULL, '4704213b-a', 'Sale issued', 'ac5f3bcb-7bed-546b-83d3-01d9752940f8', '2026-07-05T22:28:00+00:00', 'sales_invoice', '4704213b-a1bf-5edc-830a-814b687bdf46'),
  ('b72b6bfb-3aaf-5f82-8030-f075c704ed09', '71c7156b-f6e5-5e3e-bbed-d559c6df31f8', 'b740ad4e-34c3-5e42-aca8-6add4d667371', 'sale', 14, NULL, '4704213b-a', 'Sale issued', 'ac5f3bcb-7bed-546b-83d3-01d9752940f8', '2026-07-05T22:29:00+00:00', 'sales_invoice', '4704213b-a1bf-5edc-830a-814b687bdf46'),
  ('e43b3cdd-2c3c-54f6-9e51-d1f575f36822', '199f2a3d-a6d8-522d-b412-468ec48760e7', 'e2e84f67-db8d-56b1-a80e-2256351c0dbc', 'sale', 9, NULL, '4704213b-a', 'Sale issued', 'ac5f3bcb-7bed-546b-83d3-01d9752940f8', '2026-07-05T22:30:00+00:00', 'sales_invoice', '4704213b-a1bf-5edc-830a-814b687bdf46'),
  ('1c050757-49a4-56d5-813d-1856153f4ef5', '001903a3-52ab-51ce-a397-c6e698e69a13', 'b740ad4e-34c3-5e42-aca8-6add4d667371', 'purchase_return', 20, 390, 'PRN-0001', 'Returned to supplier', 'e9bea84a-7055-5574-873c-62869fd3801d', '2026-07-06T00:01:00+00:00', 'purchase_return', '5b5b9bcf-e40a-574d-bf6c-2219e1e25079'),
  ('f8b650e1-6adc-5acf-9bfe-76b29fae3a6d', '2d180117-9227-5e31-8c49-4df0e71237bf', 'b740ad4e-34c3-5e42-aca8-6add4d667371', 'purchase_return', 4, 260, 'PRN-0001', 'Returned to supplier', 'e9bea84a-7055-5574-873c-62869fd3801d', '2026-07-06T00:02:00+00:00', 'purchase_return', '5b5b9bcf-e40a-574d-bf6c-2219e1e25079'),
  ('64c2db97-bda2-5e94-b4a8-7b6c338d94bc', '001903a3-52ab-51ce-a397-c6e698e69a13', 'b740ad4e-34c3-5e42-aca8-6add4d667371', 'sale_return', 3, 520, 'SRN-0001', 'Returned by customer', 'ac5f3bcb-7bed-546b-83d3-01d9752940f8', '2026-07-06T00:51:00+00:00', 'sales_return', '30ff21de-efcc-5e8b-94c2-97ac6e474bd4'),
  ('52420a13-3cd1-5ae8-8c6e-a8dcb1188b86', 'c14e3195-5f79-5430-9de7-333e4baadfd3', 'b740ad4e-34c3-5e42-aca8-6add4d667371', 'sale_return', 7, 120, 'SRN-0001', 'Returned by customer', 'ac5f3bcb-7bed-546b-83d3-01d9752940f8', '2026-07-06T00:52:00+00:00', 'sales_return', '30ff21de-efcc-5e8b-94c2-97ac6e474bd4');
INSERT INTO loyalty_transactions (id, customer_id, points, kind, reference_type, reference_id, note, created_by, created_at) VALUES
  ('42b01813-902b-5ae7-b1f4-8240bcf052a3', 'd1c1e62e-20b0-55e6-8630-cd4167a64c0a', 10, 'earn', 'sales_invoice', '8af1676c-cab7-5ce5-8e64-76d33cd5ebcd', 'Earned from SINV-0001', 'ac5f3bcb-7bed-546b-83d3-01d9752940f8', '2026-07-06T08:21:00+00:00'),
  ('d7d65e45-ae26-53c1-bc5b-577db9ab70d7', 'f861e1bf-1999-5f56-aa0d-608819877706', 20, 'earn', 'sales_invoice', '4704213b-a1bf-5edc-830a-814b687bdf46', 'Earned from SINV-0002', 'ac5f3bcb-7bed-546b-83d3-01d9752940f8', '2026-07-06T08:22:00+00:00'),
  ('6c4922fe-e2a4-51ef-a1bd-46545d4a1b6c', '52b63356-21d2-5597-bbef-20421b2186a4', 30, 'earn', 'sales_invoice', '52b28ce4-e4de-5ae3-9fb6-318c352e8cf4', 'Earned from SINV-0003', 'ac5f3bcb-7bed-546b-83d3-01d9752940f8', '2026-07-06T08:23:00+00:00'),
  ('ee5601d6-e36d-525e-91a5-04e71deb0afd', '28e2daee-c384-5153-aba1-0263102c377a', 40, 'earn', 'sales_invoice', 'f64f41d7-85d8-50aa-875c-c01b6b514dcc', 'Earned from SINV-0004', 'ac5f3bcb-7bed-546b-83d3-01d9752940f8', '2026-07-06T08:24:00+00:00'),
  ('53e5bc1b-e3b4-56d1-9cb1-a73e039b4744', '766378c3-4ae2-54e6-8093-fb3cf8eca253', 50, 'earn', 'sales_invoice', '890d020a-51f2-5a77-b2d4-941447d7d120', 'Earned from SINV-0005', 'ac5f3bcb-7bed-546b-83d3-01d9752940f8', '2026-07-06T08:25:00+00:00'),
  ('c70b55a3-675e-5501-b7be-f5c5005138b5', '0592b8ba-5968-5b3b-bd62-bb6a0f73a1cd', 60, 'earn', 'sales_invoice', 'd31ca1c0-f55e-5730-926d-2c50816da704', 'Earned from SINV-0006', 'ac5f3bcb-7bed-546b-83d3-01d9752940f8', '2026-07-06T08:26:00+00:00'),
  ('e241ab84-b66f-5d88-9a8d-532f54f8fa94', 'd1c1e62e-20b0-55e6-8630-cd4167a64c0a', 25, 'redeem', 'sales_invoice', '8af1676c-cab7-5ce5-8e64-76d33cd5ebcd', 'Redeemed on return adjustment', 'ac5f3bcb-7bed-546b-83d3-01d9752940f8', '2026-07-06T10:00:00+00:00');
INSERT INTO expenses (id, category_id, amount, payment_method, expense_date, note, created_by, created_at, updated_at) VALUES
  ('7926622d-0c4a-5abb-9a6e-521f5df10224', 'dc1f51ad-ebe7-5f9c-9648-5e124c4dca17', 650000, 'cash', '2026-06-30', 'Monthly warehouse rent', '5da94d74-bd35-5649-afd6-7694627a7d16', '2026-07-06T11:40:00+00:00', '2026-07-06T11:40:00+00:00'),
  ('e7f78a85-c2d7-5d97-8403-83a873bd1618', '1f6e2aee-6cd3-55f0-abff-9ff61fada0ab', 1200000, 'bank_transfer', '2026-07-01', 'Staff salaries', '5da94d74-bd35-5649-afd6-7694627a7d16', '2026-07-06T11:41:00+00:00', '2026-07-06T11:41:00+00:00'),
  ('36a0e8e3-220d-56b5-a0e2-66d1097283a7', '6bfd2591-50f6-5a09-b961-9dbe79f68b8c', 95000, 'cash', '2026-07-02', 'Delivery fuel and transport', 'e9bea84a-7055-5574-873c-62869fd3801d', '2026-07-06T11:42:00+00:00', '2026-07-06T11:42:00+00:00'),
  ('4c8ed56d-3fca-50cc-9189-dd02fbd72fd0', 'd550d5ae-bda0-5506-b8d9-18abaf752565', 70000, 'cash', '2026-07-03', 'Electricity and water', '5da94d74-bd35-5649-afd6-7694627a7d16', '2026-07-06T11:43:00+00:00', '2026-07-06T11:43:00+00:00'),
  ('90e03dbc-bac8-5d9e-92a5-c8731b712e21', '04ec8b9a-deb3-5107-9eda-0b428e92267e', 45000, 'cash', '2026-07-04', 'Minor shelf repairs', 'e9bea84a-7055-5574-873c-62869fd3801d', '2026-07-06T11:44:00+00:00', '2026-07-06T11:44:00+00:00'),
  ('f0005871-0c83-5fe5-80db-aa89f4edb7d8', 'bab4a9a4-3fe9-5d07-bc75-ced14df582f3', 38000, 'cash', '2026-07-05', 'Packaging materials', 'ac5f3bcb-7bed-546b-83d3-01d9752940f8', '2026-07-06T11:45:00+00:00', '2026-07-06T11:45:00+00:00'),
  ('45710d54-adeb-5569-b33c-ac34e6f57061', '6dac640a-7a6e-511a-83f5-6dec2020facf', 15000, 'cash', '2026-07-05', 'Internet subscription', '5da94d74-bd35-5649-afd6-7694627a7d16', '2026-07-06T11:46:00+00:00', '2026-07-06T11:46:00+00:00');
INSERT INTO audit_logs (id, actor_id, action, entity_type, entity_id, payload, created_at) VALUES
  ('5daef607-5898-530e-b792-93adb593b402', '5da94d74-bd35-5649-afd6-7694627a7d16', 'create', 'purchase_invoice', '80af452a-9d57-51bd-b656-6ac0896e8d73', '{"invoice_number": "PINV-0001", "total": 121786.84}'::jsonb, '2026-07-05T12:21:00+00:00'),
  ('505c24d2-9a31-5893-821b-8c1fa87a72a7', '5da94d74-bd35-5649-afd6-7694627a7d16', 'create', 'purchase_invoice', '205331b3-9e92-5527-8a98-8a9a4ac792a1', '{"invoice_number": "PINV-0002", "total": 125915.34}'::jsonb, '2026-07-05T12:22:00+00:00'),
  ('ac5817a7-66d1-5d91-91f0-8f6e8f3946e5', '5da94d74-bd35-5649-afd6-7694627a7d16', 'create', 'purchase_invoice', 'e9292e5e-e4f6-5567-abb9-843485180b3d', '{"invoice_number": "PINV-0003", "total": 98362.94}'::jsonb, '2026-07-05T12:23:00+00:00'),
  ('b46bfa8a-9d8c-5d29-9b9a-be0b3fd12048', '5da94d74-bd35-5649-afd6-7694627a7d16', 'create', 'purchase_invoice', '843efd90-75dc-5914-96e3-1bf975d9dae5', '{"invoice_number": "PINV-0004", "total": 353913.65}'::jsonb, '2026-07-05T12:24:00+00:00');
COMMIT;
